Workbook

Sheet Consolidated_data
A1: ID | B1: Year_Birth | C1: Education | D1: Marital_Status | E1: Income | F1: =if(ISBLANK(E:E),MEDIAN(E:E), E:E) -> Income | G1: Kidhome | H1: Teenhome | I1: Dt_Customer | J1: AMntWines | K1: AmntFruits | L1: AMntMeatProducts | M1: AMntFishProducts | N1: AMntSweetProducts | O1: AMntGoldProds | P1: NumDealsPurchases | Q1: NumWebPurchases | R1: NumCatalogPurchases | S1: NumStorePurchases | T1: NumWebVisitsMonth | U1: Recency | V1: AcceptedCmp3 | W1: AcceptedCmp4 | X1: AcceptedCmp5 | Y1: AcceptedCmp1 | Z1: AcceptedCmp2 | AA1: Complain | AB1: Response | AC1: Age | AD1: Tenure | AE1: Total Spent | AF1: Total_Camp_Responded | AG1: Household Type | AH1: Income band | AI1: Response_Yes/ No | AJ1: Acceptance Cam | AK1: Income_Band_Score | AL1: Normalize_Soend | AM1: Recency | AN1: Num_Web_Purchase | AO1: Cat_Purcahse_Num | AP1: Total_Camp_Num | AQ1: Income_Band_Num | AR1: Response_Score | AS1: Rank | AT1: Renewal_Bucket | AU1: Renewal_Bucket_2
A2: 5524 | B2: 1960 | C2: Graduation | D2: Single | E2: 58138 | F2: =if(ISBLANK(E:E),MEDIAN(E:E), E:E) -> 58138 | G2: 0 | H2: 0 | I2: 2012-09-04 | J2: {=INDEX('Purchase Behaviour'!B:B,MATCH(A2,'Purchase Behaviour'!A:A, 0))} -> 210.0618 | K2: {=INDEX('Purchase Behaviour'!C:C, MATCH($A2,'Purchase Behaviour'!$A:$A, 0))} -> 64.762007 | L2: {=INDEX('Purchase Behaviour'!D:D, MATCH($A2,'Purchase Behaviour'!$A:$A, 0))} -> 318.26953 | M2: {=INDEX('Purchase Behaviour'!E:E, MATCH($A2,'Purchase Behaviour'!$A:$A, 0))} -> 297.70978 | N2: {=INDEX('Purchase Behaviour'!F:F, MATCH($A2,'Purchase Behaviour'!$A:$A, 0))} -> 239.67682 | O2: {=INDEX('Purchase Behaviour'!G:G, MATCH($A2,'Purchase Behaviour'!$A:$A, 0))} -> 207.75903 | P2: {=INDEX('Purchase Behaviour'!H:H, MATCH($A2,'Purchase Behaviour'!$A:$A, 0))} -> 3 | Q2: {=INDEX('Purchase Behaviour'!I:I, MATCH($A2,'Purchase Behaviour'!$A:$A, 0))} -> 8 | R2: {=INDEX('Purchase Behaviour'!J:J, MATCH($A2,'Purchase Behaviour'!$A:$A, 0))} -> 10 | S2: {=INDEX('Purchase Behaviour'!K:K, MATCH($A2,'Purchase Behaviour'!$A:$A, 0))} -> 4 | T2: {=INDEX('Purchase Behaviour'!L:L, MATCH($A2,'Purchase Behaviour'!$A:$A, 0))} -> 7 | U2: {=INDEX('Purchase Behaviour'!M:M, MATCH($A2,'Purchase Behaviour'!$A:$A, 0))} -> 58 | V2: {=INDEX('Campaign Performance'!B:B, MATCH($A2,'Campaign Performance'!$A:$A, 0))} -> 0 | W2: {=INDEX('Campaign Performance'!C:C, MATCH($A2,'Campaign Performance'!$A:$A, 0))} -> 0 | X2: {=INDEX('Campaign Performance'!D:D, MATCH($A2,'Campaign Performance'!$A:$A, 0))} -> 0 | Y2: {=INDEX('Campaign Performance'!E:E, MATCH($A2,'Campaign Performance'!$A:$A, 0))} -> 0 | Z2: {=INDEX('Campaign Performance'!F:F, MATCH($A2,'Campaign Performance'!$A:$A, 0))} -> 0 | AA2: {=INDEX('Campaign Performance'!G:G, MATCH($A2,'Campaign Performance'!$A:$A, 0))} -> 0 | AB2: {=INDEX('Campaign Performance'!H:H, MATCH($A2,'Campaign Performance'!$A:$A, 0))} -> 1 | AC2: =YEAR(TODAY()) - B2 -> 65 | AD2: =DATEDIF(I2,today(),"Y") -> 13 | AE2: =sum(J2:O2) -> 1338.239 | AF2: =sum(V2:Z2) -> 0 | AG2: =if(G2+H2 =0,"No kids",if(G2+H2 = 1,"Small family","Large family")) -> No kids | AH2: =if(E2< 30000, "Low income", if(E2 < 50000, "Mid-income", "High income")) -> High income | AI2: =if(AB2 = 1, "Yes" , "No") -> Yes | AJ2: =if(AF2 = 0, "No Acceptance", if(AF2 = 1, "Low Acceptance", if(AF2 = 2,"Mid Acceptance","High Acceptance"))) -> No Acceptance | AK2: =IF(AH2 = "Low income", 1, if(AH2="Mid income", 2, 3)) -> 3 | AL2: =(AE2-min(AE:AE)) / (MAX(AE:AE)-min(AE:AE)) -> 0.067825675 | AM2: =(max(U:U) -U2)/max(U:U) -> 0.41414141 | AN2: =(Q2-min(Q:Q)) / (max(Q:Q)-min(Q:Q)) -> 0.2962963 | AO2: =(R2-min(R:R))/(max(R:R)-min(R:R)) -> 0.35714286 | AP2: =(AF2-min(AF:AF))/max(AF:AF)-min(AF:AF) -> 0 | AQ2: =(AK2-min(AK:AK))/(max(AK:AK)-min(AK:AK)) -> 1 | AR2: =0.3*AM2+0.25*AL2+0.15*AN2+0.1*AO2+0.1*AQ2+0.1*AP2 -> 0.32135757 | AS2: =RANK(AR2,AR:AR,FALSE) -> 774 | AT2: =(max(AS:AS)-AS2)/(max(AS:AS)-min(AS:AS)) -> 0.65475659 | AU2: =if(AT2<0.5,"Low", if(and(AT2>=0.5,AT2<0.74),"Mid","High")) -> Mid
A3: 2174 | B3: 1960 | C3: Graduation | D3: Single | E3: 46344 | F3: =if(ISBLANK(E:E),MEDIAN(E:E), E:E) -> 46344 | G3: 0 | H3: 1 | I3: 2014-03-08 | J3: {=INDEX('Purchase Behaviour'!B:B,MATCH(A3,'Purchase Behaviour'!A:A, 0))} -> 244.03731 | K3: {=INDEX('Purchase Behaviour'!C:C, MATCH($A3,'Purchase Behaviour'!$A:$A, 0))} -> 149.98172 | L3: {=INDEX('Purchase Behaviour'!D:D, MATCH($A3,'Purchase Behaviour'!$A:$A, 0))} -> 145.15352 | M3: {=INDEX('Purchase Behaviour'!E:E, MATCH($A3,'Purchase Behaviour'!$A:$A, 0))} -> 136.42857 | N3: {=INDEX('Purchase Behaviour'!F:F, MATCH($A3,'Purchase Behaviour'!$A:$A, 0))} -> 207.28853 | O3: {=INDEX('Purchase Behaviour'!G:G, MATCH($A3,'Purchase Behaviour'!$A:$A, 0))} -> 180.43213 | P3: {=INDEX('Purchase Behaviour'!H:H, MATCH($A3,'Purchase Behaviour'!$A:$A, 0))} -> 2 | Q3: {=INDEX('Purchase Behaviour'!I:I, MATCH($A3,'Purchase Behaviour'!$A:$A, 0))} -> 1 | R3: {=INDEX('Purchase Behaviour'!J:J, MATCH($A3,'Purchase Behaviour'!$A:$A, 0))} -> 1 | S3: {=INDEX('Purchase Behaviour'!K:K, MATCH($A3,'Purchase Behaviour'!$A:$A, 0))} -> 2 | T3: {=INDEX('Purchase Behaviour'!L:L, MATCH($A3,'Purchase Behaviour'!$A:$A, 0))} -> 5 | U3: {=INDEX('Purchase Behaviour'!M:M, MATCH($A3,'Purchase Behaviour'!$A:$A, 0))} -> 38 | V3: {=INDEX('Campaign Performance'!B:B, MATCH(A3,'Campaign Performance'!A:A, 0))} -> 0 | W3: {=INDEX('Campaign Performance'!C:C, MATCH($A3,'Campaign Performance'!$A:$A, 0))} -> 0 | X3: {=INDEX('Campaign Performance'!D:D, MATCH($A3,'Campaign Performance'!$A:$A, 0))} -> 0 | Y3: {=INDEX('Campaign Performance'!E:E, MATCH($A3,'Campaign Performance'!$A:$A, 0))} -> 0 | Z3: {=INDEX('Campaign Performance'!F:F, MATCH($A3,'Campaign Performance'!$A:$A, 0))} -> 0 | AA3: {=INDEX('Campaign Performance'!G:G, MATCH($A3,'Campaign Performance'!$A:$A, 0))} -> 0 | AB3: {=INDEX('Campaign Performance'!H:H, MATCH($A3,'Campaign Performance'!$A:$A, 0))} -> 0 | AC3: =YEAR(TODAY()) - B3 -> 65 | AD3: =DATEDIF(I3,today(),"Y") -> 11 | AE3: =sum(J3:O3) -> 1063.3218 | AF3: =sum(V3:Z3) -> 0 | AG3: =if(G3+H3 =0,"No kids",if(G3+H3 = 1,"Small family","Large family")) -> Small family | AH3: =if(E3< 30000, "Low income", if(E3 < 50000, "Mid income", "High income")) -> Mid income | AI3: =if(AB3 = 1, "Yes" , "No") -> No | AJ3: =if(AF3 = 0, "No Acceptance", if(AF3 = 1, "Low Acceptance", if(AF3 = 2,"Mid Acceptance","High Acceptance"))) -> No Acceptance | AK3: =IF(AH3 = "Low income", 1, if(AH3="Mid income", 2, 3)) -> 2 | AL3: =(AE3-min(AE:AE)) / (MAX(AE:AE)-min(AE:AE)) -> 0.053892107 | AM3: =(max(U:U) -U3)/max(U:U) -> 0.61616162 | AN3: =(Q3-min(Q:Q)) / (max(Q:Q)-min(Q:Q)) -> 0.037037037 | AO3: =(R3-min(R:R))/(max(R:R)-min(R:R)) -> 0.035714286 | AP3: =(AF3-min(AF:AF))/max(AF:AF)-min(AF:AF) -> 0 | AQ3: =(AK3-min(AK:AK))/(max(AK:AK)-min(AK:AK)) -> 0.5 | AR3: =0.3*AM3+0.25*AL3+0.15*AN3+0.1*AO3+0.1*AQ3+0.1*AP3 -> 0.2574485 | AS3: =RANK(AR3,AR:AR,FALSE) -> 1269 | AT3: =(max(AS:AS)-AS3)/(max(AS:AS)-min(AS:AS)) -> 0.43367575 | AU3: =if(AT3<0.5,"Low", if(and(AT3>=0.5,AT3<0.74),"Mid","High")) -> Low
A4: 4141 | B4: 1965 | C4: Graduation | D4: Together | E4: 71613 | F4: =if(ISBLANK(E:E),MEDIAN(E:E), E:E) -> 71613 | G4: 0 | H4: 0 | I4: 2013-08-21 | J4: {=INDEX('Purchase Behaviour'!B:B,MATCH(A4,'Purchase Behaviour'!A:A, 0))} -> 300.53131 | K4: {=INDEX('Purchase Behaviour'!C:C, MATCH($A4,'Purchase Behaviour'!$A:$A, 0))} -> 399.88157 | L4: {=INDEX('Purchase Behaviour'!D:D, MATCH($A4,'Purchase Behaviour'!$A:$A, 0))} -> 448.29181 | M4: {=INDEX('Purchase Behaviour'!E:E, MATCH($A4,'Purchase Behaviour'!$A:$A, 0))} -> 501.71276 | N4: {=INDEX('Purchase Behaviour'!F:F, MATCH($A4,'Purchase Behaviour'!$A:$A, 0))} -> 349.25813 | O4: {=INDEX('Purchase Behaviour'!G:G, MATCH($A4,'Purchase Behaviour'!$A:$A, 0))} -> 380.77796 | P4: {=INDEX('Purchase Behaviour'!H:H, MATCH($A4,'Purchase Behaviour'!$A:$A, 0))} -> 1 | Q4: {=INDEX('Purchase Behaviour'!I:I, MATCH($A4,'Purchase Behaviour'!$A:$A, 0))} -> 8 | R4: {=INDEX('Purchase Behaviour'!J:J, MATCH($A4,'Purchase Behaviour'!$A:$A, 0))} -> 2 | S4: {=INDEX('Purchase Behaviour'!K:K, MATCH($A4,'Purchase Behaviour'!$A:$A, 0))} -> 10 | T4: {=INDEX('Purchase Behaviour'!L:L, MATCH($A4,'Purchase Behaviour'!$A:$A, 0))} -> 4 | U4: {=INDEX('Purchase Behaviour'!M:M, MATCH($A4,'Purchase Behaviour'!$A:$A, 0))} -> 26 | V4: {=INDEX('Campaign Performance'!B:B, MATCH(A4,'Campaign Performance'!A:A, 0))} -> 0 | W4: {=INDEX('Campaign Performance'!C:C, MATCH($A4,'Campaign Performance'!$A:$A, 0))} -> 0 | X4: {=INDEX('Campaign Performance'!D:D, MATCH($A4,'Campaign Performance'!$A:$A, 0))} -> 0 | Y4: {=INDEX('Campaign Performance'!E:E, MATCH($A4,'Campaign Performance'!$A:$A, 0))} -> 0 | Z4: {=INDEX('Campaign Performance'!F:F, MATCH($A4,'Campaign Performance'!$A:$A, 0))} -> 0 | AA4: {=INDEX('Campaign Performance'!G:G, MATCH($A4,'Campaign Performance'!$A:$A, 0))} -> 0 | AB4: {=INDEX('Campaign Performance'!H:H, MATCH($A4,'Campaign Performance'!$A:$A, 0))} -> 0 | AC4: =YEAR(TODAY()) - B4 -> 60 | AD4: =DATEDIF(I4,today(),"Y") -> 12 | AE4: =sum(J4:O4) -> 2380.4535 | AF4: =sum(V4:Z4) -> 0 | AG4: =if(G4+H4 =0,"No kids",if(G4+H4 = 1,"Small family","Large family")) -> No kids | AH4: =if(E4< 30000, "Low income", if(E4 < 50000, "Mid income", "High income")) -> High income | AI4: =if(AB4 = 1, "Yes" , "No") -> No | AJ4: =if(AF4 = 0, "No Acceptance", if(AF4 = 1, "Low Acceptance", if(AF4 = 2,"Mid Acceptance","High Acceptance"))) -> No Acceptance | AK4: =IF(AH4 = "Low income", 1, if(AH4="Mid income", 2, 3)) -> 3 | AL4: =(AE4-min(AE:AE)) / (MAX(AE:AE)-min(AE:AE)) -> 0.12064801 | AM4: =(max(U:U) -U4)/max(U:U) -> 0.73737374 | AN4: =(Q4-min(Q:Q)) / (max(Q:Q)-min(Q:Q)) -> 0.2962963 | AO4: =(R4-min(R:R))/(max(R:R)-min(R:R)) -> 0.071428571 | AP4: =(AF4-min(AF:AF))/max(AF:AF)-min(AF:AF) -> 0 | AQ4: =(AK4-min(AK:AK))/(max(AK:AK)-min(AK:AK)) -> 1 | AR4: =0.3*AM4+0.25*AL4+0.15*AN4+0.1*AO4+0.1*AQ4+0.1*AP4 -> 0.40296143 | AS4: =RANK(AR4,AR:AR,FALSE) -> 321 | AT4: =(max(AS:AS)-AS4)/(max(AS:AS)-min(AS:AS)) -> 0.85707905 | AU4: =if(AT4<0.5,"Low", if(and(AT4>=0.5,AT4<0.74),"Mid","High")) -> High
A5: 6182 | B5: 1984 | C5: Graduation | D5: Together | E5: 26646 | F5: =if(ISBLANK(E:E),MEDIAN(E:E), E:E) -> 26646 | G5: 0 | H5: 0 | I5: 2014-02-10 | J5: {=INDEX('Purchase Behaviour'!B:B,MATCH(A5,'Purchase Behaviour'!A:A, 0))} -> 135.20443 | K5: {=INDEX('Purchase Behaviour'!C:C, MATCH(A5,'Purchase Behaviour'!A:A, 0))} -> 59.193005 | L5: {=INDEX('Purchase Behaviour'!D:D, MATCH($A5,'Purchase Behaviour'!$A:$A, 0))} -> 112.41595 | M5: {=INDEX('Purchase Behaviour'!E:E, MATCH($A5,'Purchase Behaviour'!$A:$A, 0))} -> 112.60358 | N5: {=INDEX('Purchase Behaviour'!F:F, MATCH($A5,'Purchase Behaviour'!$A:$A, 0))} -> 106.65844 | O5: {=INDEX('Purchase Behaviour'!G:G, MATCH($A5,'Purchase Behaviour'!$A:$A, 0))} -> 125.82921 | P5: {=INDEX('Purchase Behaviour'!H:H, MATCH($A5,'Purchase Behaviour'!$A:$A, 0))} -> 2 | Q5: {=INDEX('Purchase Behaviour'!I:I, MATCH($A5,'Purchase Behaviour'!$A:$A, 0))} -> 2 | R5: {=INDEX('Purchase Behaviour'!J:J, MATCH($A5,'Purchase Behaviour'!$A:$A, 0))} -> 0 | S5: {=INDEX('Purchase Behaviour'!K:K, MATCH($A5,'Purchase Behaviour'!$A:$A, 0))} -> 4 | T5: {=INDEX('Purchase Behaviour'!L:L, MATCH($A5,'Purchase Behaviour'!$A:$A, 0))} -> 6 | U5: {=INDEX('Purchase Behaviour'!M:M, MATCH($A5,'Purchase Behaviour'!$A:$A, 0))} -> 26 | V5: {=INDEX('Campaign Performance'!B:B, MATCH(A5,'Campaign Performance'!A:A, 0))} -> 0 | W5: {=INDEX('Campaign Performance'!C:C, MATCH($A5,'Campaign Performance'!$A:$A, 0))} -> 0 | X5: {=INDEX('Campaign Performance'!D:D, MATCH($A5,'Campaign Performance'!$A:$A, 0))} -> 0 | Y5: {=INDEX('Campaign Performance'!E:E, MATCH($A5,'Campaign Performance'!$A:$A, 0))} -> 0 | Z5: {=INDEX('Campaign Performance'!F:F, MATCH($A5,'Campaign Performance'!$A:$A, 0))} -> 0 | AA5: {=INDEX('Campaign Performance'!G:G, MATCH($A5,'Campaign Performance'!$A:$A, 0))} -> 0 | AB5: {=INDEX('Campaign Performance'!H:H, MATCH($A5,'Campaign Performance'!$A:$A, 0))} -> 0 | AC5: =YEAR(TODAY()) - B5 -> 41 | AD5: =DATEDIF(I5,today(),"Y") -> 11 | AE5: =sum(J5:O5) -> 651.90462 | AF5: =sum(V5:Z5) -> 0 | AG5: =if(G5+H5 =0,"No kids",if(G5+H5 = 1,"Small family","Large family")) -> No kids | AH5: =if(E5< 30000, "Low income", if(E5 < 50000, "Mid income", "High income")) -> Low income | AI5: =if(AB5 = 1, "Yes" , "No") -> No | AJ5: =if(AF5 = 0, "No Acceptance", if(AF5 = 1, "Low Acceptance", if(AF5 = 2,"Mid Acceptance","High Acceptance"))) -> No Acceptance | AK5: =IF(AH5 = "Low income", 1, if(AH5="Mid income", 2, 3)) -> 1 | AL5: =(AE5-min(AE:AE)) / (MAX(AE:AE)-min(AE:AE)) -> 0.03304034 | AM5: =(max(U:U) -U5)/max(U:U) -> 0.73737374 | AN5: =(Q5-min(Q:Q)) / (max(Q:Q)-min(Q:Q)) -> 0.074074074 | AO5: =(R5-min(R:R))/(max(R:R)-min(R:R)) -> 0 | AP5: =(AF5-min(AF:AF))/max(AF:AF)-min(AF:AF) -> 0 | AQ5: =(AK5-min(AK:AK))/(max(AK:AK)-min(AK:AK)) -> 0 | AR5: =0.3*AM5+0.25*AL5+0.15*AN5+0.1*AO5+0.1*AQ5+0.1*AP5 -> 0.24058332 | AS5: =RANK(AR5,AR:AR,FALSE) -> 1384 | AT5: =(max(AS:AS)-AS5)/(max(AS:AS)-min(AS:AS)) -> 0.38231353 | AU5: =if(AT5<0.5,"Low", if(and(AT5>=0.5,AT5<0.74),"Mid","High")) -> Low
A6: 5324 | B6: 1981 | C6: PhD | D6: Married | E6: 58293 | F6: =if(ISBLANK(E:E),MEDIAN(E:E), E:E) -> 58293 | G6: 0 | H6: 1 | I6: 2014-01-19 | J6: {=INDEX('Purchase Behaviour'!B:B,MATCH(A6,'Purchase Behaviour'!A:A, 0))} -> 259.33834 | K6: {=INDEX('Purchase Behaviour'!C:C, MATCH(A6,'Purchase Behaviour'!A:A, 0))} -> 190.89185 | L6: {=INDEX('Purchase Behaviour'!D:D, MATCH($A6,'Purchase Behaviour'!$A:$A, 0))} -> 265.4484 | M6: {=INDEX('Purchase Behaviour'!E:E, MATCH($A6,'Purchase Behaviour'!$A:$A, 0))} -> 221.88874 | N6: {=INDEX('Purchase Behaviour'!F:F, MATCH($A6,'Purchase Behaviour'!$A:$A, 0))} -> 45.142446 | O6: {=INDEX('Purchase Behaviour'!G:G, MATCH($A6,'Purchase Behaviour'!$A:$A, 0))} -> 154.23018 | P6: {=INDEX('Purchase Behaviour'!H:H, MATCH($A6,'Purchase Behaviour'!$A:$A, 0))} -> 5 | Q6: {=INDEX('Purchase Behaviour'!I:I, MATCH($A6,'Purchase Behaviour'!$A:$A, 0))} -> 5 | R6: {=INDEX('Purchase Behaviour'!J:J, MATCH($A6,'Purchase Behaviour'!$A:$A, 0))} -> 3 | S6: {=INDEX('Purchase Behaviour'!K:K, MATCH($A6,'Purchase Behaviour'!$A:$A, 0))} -> 6 | T6: {=INDEX('Purchase Behaviour'!L:L, MATCH($A6,'Purchase Behaviour'!$A:$A, 0))} -> 5 | U6: {=INDEX('Purchase Behaviour'!M:M, MATCH($A6,'Purchase Behaviour'!$A:$A, 0))} -> 94 | V6: {=INDEX('Campaign Performance'!B:B, MATCH(A6,'Campaign Performance'!A:A, 0))} -> 0 | W6: {=INDEX('Campaign Performance'!C:C, MATCH($A6,'Campaign Performance'!$A:$A, 0))} -> 0 | X6: {=INDEX('Campaign Performance'!D:D, MATCH($A6,'Campaign Performance'!$A:$A, 0))} -> 0 | Y6: {=INDEX('Campaign Performance'!E:E, MATCH($A6,'Campaign Performance'!$A:$A, 0))} -> 0 | Z6: {=INDEX('Campaign Performance'!F:F, MATCH($A6,'Campaign Performance'!$A:$A, 0))} -> 0 | AA6: {=INDEX('Campaign Performance'!G:G, MATCH($A6,'Campaign Performance'!$A:$A, 0))} -> 1 | AB6: {=INDEX('Campaign Performance'!H:H, MATCH($A6,'Campaign Performance'!$A:$A, 0))} -> 0 | AC6: =YEAR(TODAY()) - B6 -> 44 | AD6: =DATEDIF(I6,today(),"Y") -> 11 | AE6: =sum(J6:O6) -> 1136.94 | AF6: =sum(V6:Z6) -> 0 | AG6: =if(G6+H6 =0,"No kids",if(G6+H6 = 1,"Small family","Large family")) -> Small family | AH6: =if(E6< 30000, "Low income", if(E6 < 50000, "Mid income", "High income")) -> High income | AI6: =if(AB6 = 1, "Yes" , "No") -> No | AJ6: =if(AF6 = 0, "No Acceptance", if(AF6 = 1, "Low Acceptance", if(AF6 = 2,"Mid Acceptance","High Acceptance"))) -> No Acceptance | AK6: =IF(AH6 = "Low income", 1, if(AH6="Mid income", 2, 3)) -> 3 | AL6: =(AE6-min(AE:AE)) / (MAX(AE:AE)-min(AE:AE)) -> 0.057623281 | AM6: =(max(U:U) -U6)/max(U:U) -> 0.050505051 | AN6: =(Q6-min(Q:Q)) / (max(Q:Q)-min(Q:Q)) -> 0.18518519 | AO6: =(R6-min(R:R))/(max(R:R)-min(R:R)) -> 0.10714286 | AP6: =(AF6-min(AF:AF))/max(AF:AF)-min(AF:AF) -> 0 | AQ6: =(AK6-min(AK:AK))/(max(AK:AK)-min(AK:AK)) -> 1 | AR6: =0.3*AM6+0.25*AL6+0.15*AN6+0.1*AO6+0.1*AQ6+0.1*AP6 -> 0.1680494 | AS6: =RANK(AR6,AR:AR,FALSE) -> 1853 | AT6: =(max(AS:AS)-AS6)/(max(AS:AS)-min(AS:AS)) -> 0.17284502 | AU6: =if(AT6<0.5,"Low", if(and(AT6>=0.5,AT6<0.74),"Mid","High")) -> Low
A7: 7446 | B7: 1967 | C7: Master | D7: Together | E7: 62513 | F7: =if(ISBLANK(E:E),MEDIAN(E:E), E:E) -> 62513 | G7: 0 | H7: 0 | I7: 2013-09-09 | J7: {=INDEX('Purchase Behaviour'!B:B,MATCH(A7,'Purchase Behaviour'!A:A, 0))} -> 307.63176 | K7: {=INDEX('Purchase Behaviour'!C:C, MATCH(A7,'Purchase Behaviour'!A:A, 0))} -> 403.63544 | L7: {=INDEX('Purchase Behaviour'!D:D, MATCH($A7,'Purchase Behaviour'!$A:$A, 0))} -> 66.792211 | M7: {=INDEX('Purchase Behaviour'!E:E, MATCH($A7,'Purchase Behaviour'!$A:$A, 0))} -> 215.80823 | N7: {=INDEX('Purchase Behaviour'!F:F, MATCH($A7,'Purchase Behaviour'!$A:$A, 0))} -> 340.41921 | O7: {=INDEX('Purchase Behaviour'!G:G, MATCH($A7,'Purchase Behaviour'!$A:$A, 0))} -> 383.18074 | P7: {=INDEX('Purchase Behaviour'!H:H, MATCH($A7,'Purchase Behaviour'!$A:$A, 0))} -> 2 | Q7: {=INDEX('Purchase Behaviour'!I:I, MATCH($A7,'Purchase Behaviour'!$A:$A, 0))} -> 6 | R7: {=INDEX('Purchase Behaviour'!J:J, MATCH($A7,'Purchase Behaviour'!$A:$A, 0))} -> 4 | S7: {=INDEX('Purchase Behaviour'!K:K, MATCH($A7,'Purchase Behaviour'!$A:$A, 0))} -> 10 | T7: {=INDEX('Purchase Behaviour'!L:L, MATCH($A7,'Purchase Behaviour'!$A:$A, 0))} -> 6 | U7: {=INDEX('Purchase Behaviour'!M:M, MATCH($A7,'Purchase Behaviour'!$A:$A, 0))} -> 16 | V7: {=INDEX('Campaign Performance'!B:B, MATCH(A7,'Campaign Performance'!A:A, 0))} -> 0 | W7: {=INDEX('Campaign Performance'!C:C, MATCH($A7,'Campaign Performance'!$A:$A, 0))} -> 0 | X7: {=INDEX('Campaign Performance'!D:D, MATCH($A7,'Campaign Performance'!$A:$A, 0))} -> 0 | Y7: {=INDEX('Campaign Performance'!E:E, MATCH($A7,'Campaign Performance'!$A:$A, 0))} -> 0 | Z7: {=INDEX('Campaign Performance'!F:F, MATCH($A7,'Campaign Performance'!$A:$A, 0))} -> 0 | AA7: {=INDEX('Campaign Performance'!G:G, MATCH($A7,'Campaign Performance'!$A:$A, 0))} -> 0 | AB7: {=INDEX('Campaign Performance'!H:H, MATCH($A7,'Campaign Performance'!$A:$A, 0))} -> 0 | AC7: =YEAR(TODAY()) - B7 -> 58 | AD7: =DATEDIF(I7,today(),"Y") -> 12 | AE7: =sum(J7:O7) -> 1717.4676 | AF7: =sum(V7:Z7) -> 0 | AG7: =if(G7+H7 =0,"No kids",if(G7+H7 = 1,"Small family","Large family")) -> No kids | AH7: =if(E7< 30000, "Low income", if(E7 < 50000, "Mid income", "High income")) -> High income | AI7: =if(AB7 = 1, "Yes" , "No") -> No | AJ7: =if(AF7 = 0, "No Acceptance", if(AF7 = 1, "Low Acceptance", if(AF7 = 2,"Mid Acceptance","High Acceptance"))) -> No Acceptance | AK7: =IF(AH7 = "Low income", 1, if(AH7="Mid income", 2, 3)) -> 3 | AL7: =(AE7-min(AE:AE)) / (MAX(AE:AE)-min(AE:AE)) -> 0.087046037 | AM7: =(max(U:U) -U7)/max(U:U) -> 0.83838384 | AN7: =(Q7-min(Q:Q)) / (max(Q:Q)-min(Q:Q)) -> 0.22222222 | AO7: =(R7-min(R:R))/(max(R:R)-min(R:R)) -> 0.14285714 | AP7: =(AF7-min(AF:AF))/max(AF:AF)-min(AF:AF) -> 0 | AQ7: =(AK7-min(AK:AK))/(max(AK:AK)-min(AK:AK)) -> 1 | AR7: =0.3*AM7+0.25*AL7+0.15*AN7+0.1*AO7+0.1*AQ7+0.1*AP7 -> 0.42089571 | AS7: =RANK(AR7,AR:AR,FALSE) -> 258 | AT7: =(max(AS:AS)-AS7)/(max(AS:AS)-min(AS:AS)) -> 0.88521661 | AU7: =if(AT7<0.5,"Low", if(and(AT7>=0.5,AT7<0.74),"Mid","High")) -> High
A8: 965 | B8: 1971 | C8: Graduation | D8: Divorced | E8: 55635 | F8: =if(ISBLANK(E:E),MEDIAN(E:E), E:E) -> 55635 | G8: 0 | H8: 0 | I8: 2012-11-13 | J8: {=INDEX('Purchase Behaviour'!B:B,MATCH(A8,'Purchase Behaviour'!A:A, 0))} -> 230.42185 | K8: {=INDEX('Purchase Behaviour'!C:C, MATCH(A8,'Purchase Behaviour'!A:A, 0))} -> 208.04582 | L8: {=INDEX('Purchase Behaviour'!D:D, MATCH($A8,'Purchase Behaviour'!$A:$A, 0))} -> 370.11399 | M8: {=INDEX('Purchase Behaviour'!E:E, MATCH($A8,'Purchase Behaviour'!$A:$A, 0))} -> 334.02713 | N8: {=INDEX('Purchase Behaviour'!F:F, MATCH($A8,'Purchase Behaviour'!$A:$A, 0))} -> 339.35352 | O8: {=INDEX('Purchase Behaviour'!G:G, MATCH($A8,'Purchase Behaviour'!$A:$A, 0))} -> 226.33709 | P8: {=INDEX('Purchase Behaviour'!H:H, MATCH($A8,'Purchase Behaviour'!$A:$A, 0))} -> 4 | Q8: {=INDEX('Purchase Behaviour'!I:I, MATCH($A8,'Purchase Behaviour'!$A:$A, 0))} -> 7 | R8: {=INDEX('Purchase Behaviour'!J:J, MATCH($A8,'Purchase Behaviour'!$A:$A, 0))} -> 3 | S8: {=INDEX('Purchase Behaviour'!K:K, MATCH($A8,'Purchase Behaviour'!$A:$A, 0))} -> 7 | T8: {=INDEX('Purchase Behaviour'!L:L, MATCH($A8,'Purchase Behaviour'!$A:$A, 0))} -> 6 | U8: {=INDEX('Purchase Behaviour'!M:M, MATCH($A8,'Purchase Behaviour'!$A:$A, 0))} -> 34 | V8: {=INDEX('Campaign Performance'!B:B, MATCH(A8,'Campaign Performance'!A:A, 0))} -> 0 | W8: {=INDEX('Campaign Performance'!C:C, MATCH($A8,'Campaign Performance'!$A:$A, 0))} -> 0 | X8: {=INDEX('Campaign Performance'!D:D, MATCH($A8,'Campaign Performance'!$A:$A, 0))} -> 0 | Y8: {=INDEX('Campaign Performance'!E:E, MATCH($A8,'Campaign Performance'!$A:$A, 0))} -> 0 | Z8: {=INDEX('Campaign Performance'!F:F, MATCH($A8,'Campaign Performance'!$A:$A, 0))} -> 0 | AA8: {=INDEX('Campaign Performance'!G:G, MATCH($A8,'Campaign Performance'!$A:$A, 0))} -> 0 | AB8: {=INDEX('Campaign Performance'!H:H, MATCH($A8,'Campaign Performance'!$A:$A, 0))} -> 0 | AC8: =YEAR(TODAY()) - B8 -> 54 | AD8: =DATEDIF(I8,today(),"Y") -> 13 | AE8: =sum(J8:O8) -> 1708.2994 | AF8: =sum(V8:Z8) -> 0 | AG8: =if(G8+H8 =0,"No kids",if(G8+H8 = 1,"Small family","Large family")) -> No kids | AH8: =if(E8< 30000, "Low income", if(E8 < 50000, "Mid income", "High income")) -> High income | AI8: =if(AB8 = 1, "Yes" , "No") -> No | AJ8: =if(AF8 = 0, "No Acceptance", if(AF8 = 1, "Low Acceptance", if(AF8 = 2,"Mid Acceptance","High Acceptance"))) -> No Acceptance | AK8: =IF(AH8 = "Low income", 1, if(AH8="Mid income", 2, 3)) -> 3 | AL8: =(AE8-min(AE:AE)) / (MAX(AE:AE)-min(AE:AE)) -> 0.086581368 | AM8: =(max(U:U) -U8)/max(U:U) -> 0.65656566 | AN8: =(Q8-min(Q:Q)) / (max(Q:Q)-min(Q:Q)) -> 0.25925926 | AO8: =(R8-min(R:R))/(max(R:R)-min(R:R)) -> 0.10714286 | AP8: =(AF8-min(AF:AF))/max(AF:AF)-min(AF:AF) -> 0 | AQ8: =(AK8-min(AK:AK))/(max(AK:AK)-min(AK:AK)) -> 1 | AR8: =0.3*AM8+0.25*AL8+0.15*AN8+0.1*AO8+0.1*AQ8+0.1*AP8 -> 0.36821821 | AS8: =RANK(AR8,AR:AR,FALSE) -> 483 | AT8: =(max(AS:AS)-AS8)/(max(AS:AS)-min(AS:AS)) -> 0.78472532 | AU8: =if(AT8<0.5,"Low", if(and(AT8>=0.5,AT8<0.74),"Mid","High")) -> High
A9: 6177 | B9: 1985 | C9: PhD | D9: Married | E9: 33454 | F9: =if(ISBLANK(E:E),MEDIAN(E:E), E:E) -> 33454 | G9: 1 | H9: 0 | I9: 2013-05-08 | J9: {=INDEX('Purchase Behaviour'!B:B,MATCH(A9,'Purchase Behaviour'!A:A, 0))} -> 217.12342 | K9: {=INDEX('Purchase Behaviour'!C:C, MATCH(A9,'Purchase Behaviour'!A:A, 0))} -> 60.440953 | L9: {=INDEX('Purchase Behaviour'!D:D, MATCH($A9,'Purchase Behaviour'!$A:$A, 0))} -> 218.02168 | M9: {=INDEX('Purchase Behaviour'!E:E, MATCH($A9,'Purchase Behaviour'!$A:$A, 0))} -> 156.66735 | N9: {=INDEX('Purchase Behaviour'!F:F, MATCH($A9,'Purchase Behaviour'!$A:$A, 0))} -> 166.67995 | O9: {=INDEX('Purchase Behaviour'!G:G, MATCH($A9,'Purchase Behaviour'!$A:$A, 0))} -> 111.65566 | P9: {=INDEX('Purchase Behaviour'!H:H, MATCH($A9,'Purchase Behaviour'!$A:$A, 0))} -> 2 | Q9: {=INDEX('Purchase Behaviour'!I:I, MATCH($A9,'Purchase Behaviour'!$A:$A, 0))} -> 4 | R9: {=INDEX('Purchase Behaviour'!J:J, MATCH($A9,'Purchase Behaviour'!$A:$A, 0))} -> 0 | S9: {=INDEX('Purchase Behaviour'!K:K, MATCH($A9,'Purchase Behaviour'!$A:$A, 0))} -> 4 | T9: {=INDEX('Purchase Behaviour'!L:L, MATCH($A9,'Purchase Behaviour'!$A:$A, 0))} -> 8 | U9: {=INDEX('Purchase Behaviour'!M:M, MATCH($A9,'Purchase Behaviour'!$A:$A, 0))} -> 32 | V9: {=INDEX('Campaign Performance'!B:B, MATCH(A9,'Campaign Performance'!A:A, 0))} -> 0 | W9: {=INDEX('Campaign Performance'!C:C, MATCH($A9,'Campaign Performance'!$A:$A, 0))} -> 0 | X9: {=INDEX('Campaign Performance'!D:D, MATCH($A9,'Campaign Performance'!$A:$A, 0))} -> 0 | Y9: {=INDEX('Campaign Performance'!E:E, MATCH($A9,'Campaign Performance'!$A:$A, 0))} -> 0 | Z9: {=INDEX('Campaign Performance'!F:F, MATCH($A9,'Campaign Performance'!$A:$A, 0))} -> 0 | AA9: {=INDEX('Campaign Performance'!G:G, MATCH($A9,'Campaign Performance'!$A:$A, 0))} -> 0 | AB9: {=INDEX('Campaign Performance'!H:H, MATCH($A9,'Campaign Performance'!$A:$A, 0))} -> 0 | AC9: =YEAR(TODAY()) - B9 -> 40 | AD9: =DATEDIF(I9,today(),"Y") -> 12 | AE9: =sum(J9:O9) -> 930.58903 | AF9: =sum(V9:Z9) -> 0 | AG9: =if(G9+H9 =0,"No kids",if(G9+H9 = 1,"Small family","Large family")) -> Small family | AH9: =if(E9< 30000, "Low income", if(E9 < 50000, "Mid income", "High income")) -> Mid income | AI9: =if(AB9 = 1, "Yes" , "No") -> No | AJ9: =if(AF9 = 0, "No Acceptance", if(AF9 = 1, "Low Acceptance", if(AF9 = 2,"Mid Acceptance","High Acceptance"))) -> No Acceptance | AK9: =IF(AH9 = "Low income", 1, if(AH9="Mid income", 2, 3)) -> 2 | AL9: =(AE9-min(AE:AE)) / (MAX(AE:AE)-min(AE:AE)) -> 0.047164842 | AM9: =(max(U:U) -U9)/max(U:U) -> 0.67676768 | AN9: =(Q9-min(Q:Q)) / (max(Q:Q)-min(Q:Q)) -> 0.14814815 | AO9: =(R9-min(R:R))/(max(R:R)-min(R:R)) -> 0 | AP9: =(AF9-min(AF:AF))/max(AF:AF)-min(AF:AF) -> 0 | AQ9: =(AK9-min(AK:AK))/(max(AK:AK)-min(AK:AK)) -> 0.5 | AR9: =0.3*AM9+0.25*AL9+0.15*AN9+0.1*AO9+0.1*AQ9+0.1*AP9 -> 0.28704374 | AS9: =RANK(AR9,AR:AR,FALSE) -> 1059 | AT9: =(max(AS:AS)-AS9)/(max(AS:AS)-min(AS:AS)) -> 0.52746762 | AU9: =if(AT9<0.5,"Low", if(and(AT9>=0.5,AT9<0.74),"Mid","High")) -> Mid
A10: 4855 | B10: 1974 | C10: PhD | D10: Together | E10: 30351 | F10: =if(ISBLANK(E:E),MEDIAN(E:E), E:E) -> 30351 | G10: 0 | H10: 0 | I10: 2013-06-06 | J10: {=INDEX('Purchase Behaviour'!B:B,MATCH(A10,'Purchase Behaviour'!A:A, 0))} -> 60.924715 | K10: {=INDEX('Purchase Behaviour'!C:C, MATCH(A10,'Purchase Behaviour'!A:A, 0))} -> 150.23306 | L10: {=INDEX('Purchase Behaviour'!D:D, MATCH($A10,'Purchase Behaviour'!$A:$A, 0))} -> 170.85263 | M10: {=INDEX('Purchase Behaviour'!E:E, MATCH($A10,'Purchase Behaviour'!$A:$A, 0))} -> 177.88387 | N10: {=INDEX('Purchase Behaviour'!F:F, MATCH($A10,'Purchase Behaviour'!$A:$A, 0))} -> 172.86881 | O10: {=INDEX('Purchase Behaviour'!G:G, MATCH($A10,'Purchase Behaviour'!$A:$A, 0))} -> 162.33727 | P10: {=INDEX('Purchase Behaviour'!H:H, MATCH($A10,'Purchase Behaviour'!$A:$A, 0))} -> 1 | Q10: {=INDEX('Purchase Behaviour'!I:I, MATCH($A10,'Purchase Behaviour'!$A:$A, 0))} -> 3 | R10: {=INDEX('Purchase Behaviour'!J:J, MATCH($A10,'Purchase Behaviour'!$A:$A, 0))} -> 0 | S10: {=INDEX('Purchase Behaviour'!K:K, MATCH($A10,'Purchase Behaviour'!$A:$A, 0))} -> 2 | T10: {=INDEX('Purchase Behaviour'!L:L, MATCH($A10,'Purchase Behaviour'!$A:$A, 0))} -> 9 | U10: {=INDEX('Purchase Behaviour'!M:M, MATCH($A10,'Purchase Behaviour'!$A:$A, 0))} -> 19 | V10: {=INDEX('Campaign Performance'!B:B, MATCH(A10,'Campaign Performance'!A:A, 0))} -> 0 | W10: {=INDEX('Campaign Performance'!C:C, MATCH($A10,'Campaign Performance'!$A:$A, 0))} -> 0 | X10: {=INDEX('Campaign Performance'!D:D, MATCH($A10,'Campaign Performance'!$A:$A, 0))} -> 0 | Y10: {=INDEX('Campaign Performance'!E:E, MATCH($A10,'Campaign Performance'!$A:$A, 0))} -> 0 | Z10: {=INDEX('Campaign Performance'!F:F, MATCH($A10,'Campaign Performance'!$A:$A, 0))} -> 0 | AA10: {=INDEX('Campaign Performance'!G:G, MATCH($A10,'Campaign Performance'!$A:$A, 0))} -> 0 | AB10: {=INDEX('Campaign Performance'!H:H, MATCH($A10,'Campaign Performance'!$A:$A, 0))} -> 1 | AC10: =YEAR(TODAY()) - B10 -> 51 | AD10: =DATEDIF(I10,today(),"Y") -> 12 | AE10: =sum(J10:O10) -> 895.10034 | AF10: =sum(V10:Z10) -> 0 | AG10: =if(G10+H10 =0,"No kids",if(G10+H10 = 1,"Small family","Large family")) -> No kids | AH10: =if(E10< 30000, "Low income", if(E10 < 50000, "Mid income", "High income")) -> Mid income | AI10: =if(AB10 = 1, "Yes" , "No") -> Yes | AJ10: =if(AF10 = 0, "No Acceptance", if(AF10 = 1, "Low Acceptance", if(AF10 = 2,"Mid Acceptance","High Acceptance"))) -> No Acceptance | AK10: =IF(AH10 = "Low income", 1, if(AH10="Mid income", 2, 3)) -> 2 | AL10: =(AE10-min(AE:AE)) / (MAX(AE:AE)-min(AE:AE)) -> 0.045366176 | AM10: =(max(U:U) -U10)/max(U:U) -> 0.80808081 | AN10: =(Q10-min(Q:Q)) / (max(Q:Q)-min(Q:Q)) -> 0.11111111 | AO10: =(R10-min(R:R))/(max(R:R)-min(R:R)) -> 0 | AP10: =(AF10-min(AF:AF))/max(AF:AF)-min(AF:AF) -> 0 | AQ10: =(AK10-min(AK:AK))/(max(AK:AK)-min(AK:AK)) -> 0.5 | AR10: =0.3*AM10+0.25*AL10+0.15*AN10+0.1*AO10+0.1*AQ10+0.1*AP10 -> 0.32043245 | AS10: =RANK(AR10,AR:AR,FALSE) -> 788 | AT10: =(max(AS:AS)-AS10)/(max(AS:AS)-min(AS:AS)) -> 0.6485038 | AU10: =if(AT10<0.5,"Low", if(and(AT10>=0.5,AT10<0.74),"Mid","High")) -> Mid
A11: 5899 | B11: 1960 | C11: PhD | D11: Together | E11: 5648 | F11: =if(ISBLANK(E:E),MEDIAN(E:E), E:E) -> 5648 | G11: 0 | H11: 0 | I11: 2014-03-13 | J11: {=INDEX('Purchase Behaviour'!B:B,MATCH(A11,'Purchase Behaviour'!A:A, 0))} -> 19.036338 | K11: {=INDEX('Purchase Behaviour'!C:C, MATCH(A11,'Purchase Behaviour'!A:A, 0))} -> 33.662563 | L11: {=INDEX('Purchase Behaviour'!D:D, MATCH($A11,'Purchase Behaviour'!$A:$A, 0))} -> 18.069169 | M11: {=INDEX('Purchase Behaviour'!E:E, MATCH($A11,'Purchase Behaviour'!$A:$A, 0))} -> 36.599359 | N11: {=INDEX('Purchase Behaviour'!F:F, MATCH($A11,'Purchase Behaviour'!$A:$A, 0))} -> 26.299061 | O11: {=INDEX('Purchase Behaviour'!G:G, MATCH($A11,'Purchase Behaviour'!$A:$A, 0))} -> 26.586806 | P11: {=INDEX('Purchase Behaviour'!H:H, MATCH($A11,'Purchase Behaviour'!$A:$A, 0))} -> 1 | Q11: {=INDEX('Purchase Behaviour'!I:I, MATCH($A11,'Purchase Behaviour'!$A:$A, 0))} -> 1 | R11: {=INDEX('Purchase Behaviour'!J:J, MATCH($A11,'Purchase Behaviour'!$A:$A, 0))} -> 0 | S11: {=INDEX('Purchase Behaviour'!K:K, MATCH($A11,'Purchase Behaviour'!$A:$A, 0))} -> 0 | T11: {=INDEX('Purchase Behaviour'!L:L, MATCH($A11,'Purchase Behaviour'!$A:$A, 0))} -> 20 | U11: {=INDEX('Purchase Behaviour'!M:M, MATCH($A11,'Purchase Behaviour'!$A:$A, 0))} -> 68 | V11: {=INDEX('Campaign Performance'!B:B, MATCH(A11,'Campaign Performance'!A:A, 0))} -> 1 | W11: {=INDEX('Campaign Performance'!C:C, MATCH($A11,'Campaign Performance'!$A:$A, 0))} -> 0 | X11: {=INDEX('Campaign Performance'!D:D, MATCH($A11,'Campaign Performance'!$A:$A, 0))} -> 0 | Y11: {=INDEX('Campaign Performance'!E:E, MATCH($A11,'Campaign Performance'!$A:$A, 0))} -> 0 | Z11: {=INDEX('Campaign Performance'!F:F, MATCH($A11,'Campaign Performance'!$A:$A, 0))} -> 0 | AA11: {=INDEX('Campaign Performance'!G:G, MATCH($A11,'Campaign Performance'!$A:$A, 0))} -> 0 | AB11: {=INDEX('Campaign Performance'!H:H, MATCH($A11,'Campaign Performance'!$A:$A, 0))} -> 0 | AC11: =YEAR(TODAY()) - B11 -> 65 | AD11: =DATEDIF(I11,today(),"Y") -> 11 | AE11: =sum(J11:O11) -> 160.2533 | AF11: =sum(V11:Z11) -> 1 | AG11: =if(G11+H11 =0,"No kids",if(G11+H11 = 1,"Small family","Large family")) -> No kids | AH11: =if(E11< 30000, "Low income", if(E11 < 50000, "Mid income", "High income")) -> Low income | AI11: =if(AB11 = 1, "Yes" , "No") -> No | AJ11: =if(AF11 = 0, "No Acceptance", if(AF11 = 1, "Low Acceptance", if(AF11 = 2,"Mid Acceptance","High Acceptance"))) -> Low Acceptance | AK11: =IF(AH11 = "Low income", 1, if(AH11="Mid income", 2, 3)) -> 1 | AL11: =(AE11-min(AE:AE)) / (MAX(AE:AE)-min(AE:AE)) -> 0.008122083 | AM11: =(max(U:U) -U11)/max(U:U) -> 0.31313131 | AN11: =(Q11-min(Q:Q)) / (max(Q:Q)-min(Q:Q)) -> 0.037037037 | AO11: =(R11-min(R:R))/(max(R:R)-min(R:R)) -> 0 | AP11: =(AF11-min(AF:AF))/max(AF:AF)-min(AF:AF) -> 0.25 | AQ11: =(AK11-min(AK:AK))/(max(AK:AK)-min(AK:AK)) -> 0 | AR11: =0.3*AM11+0.25*AL11+0.15*AN11+0.1*AO11+0.1*AQ11+0.1*AP11 -> 0.12652547 | AS11: =RANK(AR11,AR:AR,FALSE) -> 1999 | AT11: =(max(AS:AS)-AS11)/(max(AS:AS)-min(AS:AS)) -> 0.10763734 | AU11: =if(AT11<0.5,"Low", if(and(AT11>=0.5,AT11<0.74),"Mid","High")) -> Low
A12: 1994 | B12: 1983 | C12: Graduation | D12: Married | F12: =if(ISBLANK(E:E),MEDIAN(E:E), E:E) -> 51381.5 | G12: 1 | H12: 0 | I12: 2013-11-15 | J12: {=INDEX('Purchase Behaviour'!B:B,MATCH(A12,'Purchase Behaviour'!A:A, 0))} | K12: {=INDEX('Purchase Behaviour'!C:C, MATCH(A12,'Purchase Behaviour'!A:A, 0))} | L12: {=INDEX('Purchase Behaviour'!D:D, MATCH($A12,'Purchase Behaviour'!$A:$A, 0))} | M12: {=INDEX('Purchase Behaviour'!E:E, MATCH($A12,'Purchase Behaviour'!$A:$A, 0))} | N12: {=INDEX('Purchase Behaviour'!F:F, MATCH($A12,'Purchase Behaviour'!$A:$A, 0))} | O12: {=INDEX('Purchase Behaviour'!G:G, MATCH($A12,'Purchase Behaviour'!$A:$A, 0))} | P12: {=INDEX('Purchase Behaviour'!H:H, MATCH($A12,'Purchase Behaviour'!$A:$A, 0))} -> 1 | Q12: {=INDEX('Purchase Behaviour'!I:I, MATCH($A12,'Purchase Behaviour'!$A:$A, 0))} -> 1 | R12: {=INDEX('Purchase Behaviour'!J:J, MATCH($A12,'Purchase Behaviour'!$A:$A, 0))} -> 0 | S12: {=INDEX('Purchase Behaviour'!K:K, MATCH($A12,'Purchase Behaviour'!$A:$A, 0))} -> 2 | T12: {=INDEX('Purchase Behaviour'!L:L, MATCH($A12,'Purchase Behaviour'!$A:$A, 0))} -> 7 | U12: {=INDEX('Purchase Behaviour'!M:M, MATCH($A12,'Purchase Behaviour'!$A:$A, 0))} -> 11 | V12: {=INDEX('Campaign Performance'!B:B, MATCH(A12,'Campaign Performance'!A:A, 0))} -> 0 | W12: {=INDEX('Campaign Performance'!C:C, MATCH($A12,'Campaign Performance'!$A:$A, 0))} -> 0 | X12: {=INDEX('Campaign Performance'!D:D, MATCH($A12,'Campaign Performance'!$A:$A, 0))} -> 0 | Y12: {=INDEX('Campaign Performance'!E:E, MATCH($A12,'Campaign Performance'!$A:$A, 0))} -> 0 | Z12: {=INDEX('Campaign Performance'!F:F, MATCH($A12,'Campaign Performance'!$A:$A, 0))} -> 0 | AA12: {=INDEX('Campaign Performance'!G:G, MATCH($A12,'Campaign Performance'!$A:$A, 0))} -> 1 | AB12: {=INDEX('Campaign Performance'!H:H, MATCH($A12,'Campaign Performance'!$A:$A, 0))} -> 0 | AC12: =YEAR(TODAY()) - B12 -> 42 | AD12: =DATEDIF(I12,today(),"Y") -> 12 | AE12: =sum(J12:O12) -> 0 | AF12: =sum(V12:Z12) -> 0 | AG12: =if(G12+H12 =0,"No kids",if(G12+H12 = 1,"Small family","Large family")) -> Small family | AH12: =if(E12< 30000, "Low income", if(E12 < 50000, "Mid income", "High income")) -> Low income | AI12: =if(AB12 = 1, "Yes" , "No") -> No | AJ12: =if(AF12 = 0, "No Acceptance", if(AF12 = 1, "Low Acceptance", if(AF12 = 2,"Mid Acceptance","High Acceptance"))) -> No Acceptance | AK12: =IF(AH12 = "Low income", 1, if(AH12="Mid income", 2, 3)) -> 1 | AL12: =(AE12-min(AE:AE)) / (MAX(AE:AE)-min(AE:AE)) -> 0 | AM12: =(max(U:U) -U12)/max(U:U) -> 0.88888889 | AN12: =(Q12-min(Q:Q)) / (max(Q:Q)-min(Q:Q)) -> 0.037037037 | AO12: =(R12-min(R:R))/(max(R:R)-min(R:R)) -> 0 | AP12: =(AF12-min(AF:AF))/max(AF:AF)-min(AF:AF) -> 0 | AQ12: =(AK12-min(AK:AK))/(max(AK:AK)-min(AK:AK)) -> 0 | AR12: =0.3*AM12+0.25*AL12+0.15*AN12+0.1*AO12+0.1*AQ12+0.1*AP12 -> 0.27222222 | AS12: =RANK(AR12,AR:AR,FALSE) -> 1160 | AT12: =(max(AS:AS)-AS12)/(max(AS:AS)-min(AS:AS)) -> 0.4823582 | AU12: =if(AT12<0.5,"Low", if(and(AT12>=0.5,AT12<0.74),"Mid","High")) -> Low
A13: 387 | B13: 1976 | C13: Basic | D13: Married | E13: 7500 | F13: =if(ISBLANK(E:E),MEDIAN(E:E), E:E) -> 7500 | G13: 1 | H13: 1 | I13: 2012-11-13 | J13: {=INDEX('Purchase Behaviour'!B:B,MATCH(A13,'Purchase Behaviour'!A:A, 0))} -> 44.935203 | K13: {=INDEX('Purchase Behaviour'!C:C, MATCH(A13,'Purchase Behaviour'!A:A, 0))} -> 19.520684 | L13: {=INDEX('Purchase Behaviour'!D:D, MATCH($A13,'Purchase Behaviour'!$A:$A, 0))} -> 34.811247 | M13: {=INDEX('Purchase Behaviour'!E:E, MATCH($A13,'Purchase Behaviour'!$A:$A, 0))} -> 26.460058 | N13: {=INDEX('Purchase Behaviour'!F:F, MATCH($A13,'Purchase Behaviour'!$A:$A, 0))} -> 45.877273 | O13: {=INDEX('Purchase Behaviour'!G:G, MATCH($A13,'Purchase Behaviour'!$A:$A, 0))} -> 48.693472 | P13: {=INDEX('Purchase Behaviour'!H:H, MATCH($A13,'Purchase Behaviour'!$A:$A, 0))} -> 1 | Q13: {=INDEX('Purchase Behaviour'!I:I, MATCH($A13,'Purchase Behaviour'!$A:$A, 0))} -> 2 | R13: {=INDEX('Purchase Behaviour'!J:J, MATCH($A13,'Purchase Behaviour'!$A:$A, 0))} -> 0 | S13: {=INDEX('Purchase Behaviour'!K:K, MATCH($A13,'Purchase Behaviour'!$A:$A, 0))} -> 3 | T13: {=INDEX('Purchase Behaviour'!L:L, MATCH($A13,'Purchase Behaviour'!$A:$A, 0))} -> 8 | U13: {=INDEX('Purchase Behaviour'!M:M, MATCH($A13,'Purchase Behaviour'!$A:$A, 0))} -> 59 | V13: {=INDEX('Campaign Performance'!B:B, MATCH(A13,'Campaign Performance'!A:A, 0))} -> 0 | W13: {=INDEX('Campaign Performance'!C:C, MATCH($A13,'Campaign Performance'!$A:$A, 0))} -> 0 | X13: {=INDEX('Campaign Performance'!D:D, MATCH($A13,'Campaign Performance'!$A:$A, 0))} -> 0 | Y13: {=INDEX('Campaign Performance'!E:E, MATCH($A13,'Campaign Performance'!$A:$A, 0))} -> 0 | Z13: {=INDEX('Campaign Performance'!F:F, MATCH($A13,'Campaign Performance'!$A:$A, 0))} -> 0 | AA13: {=INDEX('Campaign Performance'!G:G, MATCH($A13,'Campaign Performance'!$A:$A, 0))} -> 0 | AB13: {=INDEX('Campaign Performance'!H:H, MATCH($A13,'Campaign Performance'!$A:$A, 0))} -> 0 | AC13: =YEAR(TODAY()) - B13 -> 49 | AD13: =DATEDIF(I13,today(),"Y") -> 13 | AE13: =sum(J13:O13) -> 220.29794 | AF13: =sum(V13:Z13) -> 0 | AG13: =if(G13+H13 =0,"No kids",if(G13+H13 = 1,"Small family","Large family")) -> Large family | AH13: =if(E13< 30000, "Low income", if(E13 < 50000, "Mid income", "High income")) -> Low income | AI13: =if(AB13 = 1, "Yes" , "No") -> No | AJ13: =if(AF13 = 0, "No Acceptance", if(AF13 = 1, "Low Acceptance", if(AF13 = 2,"Mid Acceptance","High Acceptance"))) -> No Acceptance | AK13: =IF(AH13 = "Low income", 1, if(AH13="Mid income", 2, 3)) -> 1 | AL13: =(AE13-min(AE:AE)) / (MAX(AE:AE)-min(AE:AE)) -> 0.011165312 | AM13: =(max(U:U) -U13)/max(U:U) -> 0.4040404 | AN13: =(Q13-min(Q:Q)) / (max(Q:Q)-min(Q:Q)) -> 0.074074074 | AO13: =(R13-min(R:R))/(max(R:R)-min(R:R)) -> 0 | AP13: =(AF13-min(AF:AF))/max(AF:AF)-min(AF:AF) -> 0 | AQ13: =(AK13-min(AK:AK))/(max(AK:AK)-min(AK:AK)) -> 0 | AR13: =0.3*AM13+0.25*AL13+0.15*AN13+0.1*AO13+0.1*AQ13+0.1*AP13 -> 0.13511456 | AS13: =RANK(AR13,AR:AR,FALSE) -> 1971 | AT13: =(max(AS:AS)-AS13)/(max(AS:AS)-min(AS:AS)) -> 0.12014292 | AU13: =if(AT13<0.5,"Low", if(and(AT13>=0.5,AT13<0.74),"Mid","High")) -> Low
A14: 2125 | B14: 1960 | C14: Graduation | D14: Divorced | E14: 63033 | F14: =if(ISBLANK(E:E),MEDIAN(E:E), E:E) -> 63033 | G14: 0 | H14: 0 | I14: 2013-11-15 | J14: {=INDEX('Purchase Behaviour'!B:B,MATCH(A14,'Purchase Behaviour'!A:A, 0))} -> 320.8153 | K14: {=INDEX('Purchase Behaviour'!C:C, MATCH(A14,'Purchase Behaviour'!A:A, 0))} -> 317.64118 | L14: {=INDEX('Purchase Behaviour'!D:D, MATCH($A14,'Purchase Behaviour'!$A:$A, 0))} -> 369.57278 | M14: {=INDEX('Purchase Behaviour'!E:E, MATCH($A14,'Purchase Behaviour'!$A:$A, 0))} -> 409.8135 | N14: {=INDEX('Purchase Behaviour'!F:F, MATCH($A14,'Purchase Behaviour'!$A:$A, 0))} -> 305.21025 | O14: {=INDEX('Purchase Behaviour'!G:G, MATCH($A14,'Purchase Behaviour'!$A:$A, 0))} -> 253.38304 | P14: {=INDEX('Purchase Behaviour'!H:H, MATCH($A14,'Purchase Behaviour'!$A:$A, 0))} -> 1 | Q14: {=INDEX('Purchase Behaviour'!I:I, MATCH($A14,'Purchase Behaviour'!$A:$A, 0))} -> 3 | R14: {=INDEX('Purchase Behaviour'!J:J, MATCH($A14,'Purchase Behaviour'!$A:$A, 0))} -> 4 | S14: {=INDEX('Purchase Behaviour'!K:K, MATCH($A14,'Purchase Behaviour'!$A:$A, 0))} -> 8 | T14: {=INDEX('Purchase Behaviour'!L:L, MATCH($A14,'Purchase Behaviour'!$A:$A, 0))} -> 2 | U14: {=INDEX('Purchase Behaviour'!M:M, MATCH($A14,'Purchase Behaviour'!$A:$A, 0))} -> 82 | V14: {=INDEX('Campaign Performance'!B:B, MATCH(A14,'Campaign Performance'!A:A, 0))} -> 0 | W14: {=INDEX('Campaign Performance'!C:C, MATCH($A14,'Campaign Performance'!$A:$A, 0))} -> 0 | X14: {=INDEX('Campaign Performance'!D:D, MATCH($A14,'Campaign Performance'!$A:$A, 0))} -> 0 | Y14: {=INDEX('Campaign Performance'!E:E, MATCH($A14,'Campaign Performance'!$A:$A, 0))} -> 0 | Z14: {=INDEX('Campaign Performance'!F:F, MATCH($A14,'Campaign Performance'!$A:$A, 0))} -> 0 | AA14: {=INDEX('Campaign Performance'!G:G, MATCH($A14,'Campaign Performance'!$A:$A, 0))} -> 1 | AB14: {=INDEX('Campaign Performance'!H:H, MATCH($A14,'Campaign Performance'!$A:$A, 0))} -> 0 | AC14: =YEAR(TODAY()) - B14 -> 65 | AD14: =DATEDIF(I14,today(),"Y") -> 12 | AE14: =sum(J14:O14) -> 1976.436 | AF14: =sum(V14:Z14) -> 0 | AG14: =if(G14+H14 =0,"No kids",if(G14+H14 = 1,"Small family","Large family")) -> No kids | AH14: =if(E14< 30000, "Low income", if(E14 < 50000, "Mid income", "High income")) -> High income | AI14: =if(AB14 = 1, "Yes" , "No") -> No | AJ14: =if(AF14 = 0, "No Acceptance", if(AF14 = 1, "Low Acceptance", if(AF14 = 2,"Mid Acceptance","High Acceptance"))) -> No Acceptance | AK14: =IF(AH14 = "Low income", 1, if(AH14="Mid income", 2, 3)) -> 3 | AL14: =(AE14-min(AE:AE)) / (MAX(AE:AE)-min(AE:AE)) -> 0.10017128 | AM14: =(max(U:U) -U14)/max(U:U) -> 0.17171717 | AN14: =(Q14-min(Q:Q)) / (max(Q:Q)-min(Q:Q)) -> 0.11111111 | AO14: =(R14-min(R:R))/(max(R:R)-min(R:R)) -> 0.14285714 | AP14: =(AF14-min(AF:AF))/max(AF:AF)-min(AF:AF) -> 0 | AQ14: =(AK14-min(AK:AK))/(max(AK:AK)-min(AK:AK)) -> 1 | AR14: =0.3*AM14+0.25*AL14+0.15*AN14+0.1*AO14+0.1*AQ14+0.1*AP14 -> 0.20751035 | AS14: =RANK(AR14,AR:AR,FALSE) -> 1611 | AT14: =(max(AS:AS)-AS14)/(max(AS:AS)-min(AS:AS)) -> 0.28092899 | AU14: =if(AT14<0.5,"Low", if(and(AT14>=0.5,AT14<0.74),"Mid","High")) -> Low
A15: 8180 | B15: 1960 | C15: Master | D15: Divorced | E15: 59354 | F15: =if(ISBLANK(E:E),MEDIAN(E:E), E:E) -> 59354 | G15: 0 | H15: 0 | I15: 2013-11-15 | J15: {=INDEX('Purchase Behaviour'!B:B,MATCH(A15,'Purchase Behaviour'!A:A, 0))} -> 342.83015 | K15: {=INDEX('Purchase Behaviour'!C:C, MATCH(A15,'Purchase Behaviour'!A:A, 0))} -> 115.08103 | L15: {=INDEX('Purchase Behaviour'!D:D, MATCH($A15,'Purchase Behaviour'!$A:$A, 0))} -> 366.67607 | M15: {=INDEX('Purchase Behaviour'!E:E, MATCH($A15,'Purchase Behaviour'!$A:$A, 0))} -> 219.46236 | N15: {=INDEX('Purchase Behaviour'!F:F, MATCH($A15,'Purchase Behaviour'!$A:$A, 0))} -> 262.17305 | O15: {=INDEX('Purchase Behaviour'!G:G, MATCH($A15,'Purchase Behaviour'!$A:$A, 0))} -> 367.25769 | P15: {=INDEX('Purchase Behaviour'!H:H, MATCH($A15,'Purchase Behaviour'!$A:$A, 0))} -> 3 | Q15: {=INDEX('Purchase Behaviour'!I:I, MATCH($A15,'Purchase Behaviour'!$A:$A, 0))} -> 6 | R15: {=INDEX('Purchase Behaviour'!J:J, MATCH($A15,'Purchase Behaviour'!$A:$A, 0))} -> 1 | S15: {=INDEX('Purchase Behaviour'!K:K, MATCH($A15,'Purchase Behaviour'!$A:$A, 0))} -> 5 | T15: {=INDEX('Purchase Behaviour'!L:L, MATCH($A15,'Purchase Behaviour'!$A:$A, 0))} -> 6 | U15: {=INDEX('Purchase Behaviour'!M:M, MATCH($A15,'Purchase Behaviour'!$A:$A, 0))} -> 53 | V15: {=INDEX('Campaign Performance'!B:B, MATCH(A15,'Campaign Performance'!A:A, 0))} -> 0 | W15: {=INDEX('Campaign Performance'!C:C, MATCH($A15,'Campaign Performance'!$A:$A, 0))} -> 0 | X15: {=INDEX('Campaign Performance'!D:D, MATCH($A15,'Campaign Performance'!$A:$A, 0))} -> 0 | Y15: {=INDEX('Campaign Performance'!E:E, MATCH($A15,'Campaign Performance'!$A:$A, 0))} -> 0 | Z15: {=INDEX('Campaign Performance'!F:F, MATCH($A15,'Campaign Performance'!$A:$A, 0))} -> 0 | AA15: {=INDEX('Campaign Performance'!G:G, MATCH($A15,'Campaign Performance'!$A:$A, 0))} -> 0 | AB15: {=INDEX('Campaign Performance'!H:H, MATCH($A15,'Campaign Performance'!$A:$A, 0))} -> 0 | AC15: =YEAR(TODAY()) - B15 -> 65 | AD15: =DATEDIF(I15,today(),"Y") -> 12 | AE15: =sum(J15:O15) -> 1673.4804 | AF15: =sum(V15:Z15) -> 0 | AG15: =if(G15+H15 =0,"No kids",if(G15+H15 = 1,"Small family","Large family")) -> No kids | AH15: =if(E15< 30000, "Low income", if(E15 < 50000, "Mid income", "High income")) -> High income | AI15: =if(AB15 = 1, "Yes" , "No") -> No | AJ15: =if(AF15 = 0, "No Acceptance", if(AF15 = 1, "Low Acceptance", if(AF15 = 2,"Mid Acceptance","High Acceptance"))) -> No Acceptance | AK15: =IF(AH15 = "Low income", 1, if(AH15="Mid income", 2, 3)) -> 3 | AL15: =(AE15-min(AE:AE)) / (MAX(AE:AE)-min(AE:AE)) -> 0.084816641 | AM15: =(max(U:U) -U15)/max(U:U) -> 0.46464646 | AN15: =(Q15-min(Q:Q)) / (max(Q:Q)-min(Q:Q)) -> 0.22222222 | AO15: =(R15-min(R:R))/(max(R:R)-min(R:R)) -> 0.035714286 | AP15: =(AF15-min(AF:AF))/max(AF:AF)-min(AF:AF) -> 0 | AQ15: =(AK15-min(AK:AK))/(max(AK:AK)-min(AK:AK)) -> 1 | AR15: =0.3*AM15+0.25*AL15+0.15*AN15+0.1*AO15+0.1*AQ15+0.1*AP15 -> 0.29750286 | AS15: =RANK(AR15,AR:AR,FALSE) -> 974 | AT15: =(max(AS:AS)-AS15)/(max(AS:AS)-min(AS:AS)) -> 0.565431 | AU15: =if(AT15<0.5,"Low", if(and(AT15>=0.5,AT15<0.74),"Mid","High")) -> Mid
A16: 2569 | B16: 1987 | C16: Graduation | D16: Married | E16: 17323 | F16: =if(ISBLANK(E:E),MEDIAN(E:E), E:E) -> 17323 | G16: 0 | H16: 1 | I16: 2012-10-10 | J16: {=INDEX('Purchase Behaviour'!B:B,MATCH(A16,'Purchase Behaviour'!A:A, 0))} -> 71.868284 | K16: {=INDEX('Purchase Behaviour'!C:C, MATCH(A16,'Purchase Behaviour'!A:A, 0))} -> 100.06182 | L16: {=INDEX('Purchase Behaviour'!D:D, MATCH($A16,'Purchase Behaviour'!$A:$A, 0))} -> 113.09868 | M16: {=INDEX('Purchase Behaviour'!E:E, MATCH($A16,'Purchase Behaviour'!$A:$A, 0))} -> 85.808117 | N16: {=INDEX('Purchase Behaviour'!F:F, MATCH($A16,'Purchase Behaviour'!$A:$A, 0))} -> 91.150581 | O16: {=INDEX('Purchase Behaviour'!G:G, MATCH($A16,'Purchase Behaviour'!$A:$A, 0))} -> 79.721533 | P16: {=INDEX('Purchase Behaviour'!H:H, MATCH($A16,'Purchase Behaviour'!$A:$A, 0))} -> 1 | Q16: {=INDEX('Purchase Behaviour'!I:I, MATCH($A16,'Purchase Behaviour'!$A:$A, 0))} -> 1 | R16: {=INDEX('Purchase Behaviour'!J:J, MATCH($A16,'Purchase Behaviour'!$A:$A, 0))} -> 0 | S16: {=INDEX('Purchase Behaviour'!K:K, MATCH($A16,'Purchase Behaviour'!$A:$A, 0))} -> 3 | T16: {=INDEX('Purchase Behaviour'!L:L, MATCH($A16,'Purchase Behaviour'!$A:$A, 0))} -> 8 | U16: {=INDEX('Purchase Behaviour'!M:M, MATCH($A16,'Purchase Behaviour'!$A:$A, 0))} -> 38 | V16: {=INDEX('Campaign Performance'!B:B, MATCH(A16,'Campaign Performance'!A:A, 0))} -> 0 | W16: {=INDEX('Campaign Performance'!C:C, MATCH($A16,'Campaign Performance'!$A:$A, 0))} -> 0 | X16: {=INDEX('Campaign Performance'!D:D, MATCH($A16,'Campaign Performance'!$A:$A, 0))} -> 0 | Y16: {=INDEX('Campaign Performance'!E:E, MATCH($A16,'Campaign Performance'!$A:$A, 0))} -> 0 | Z16: {=INDEX('Campaign Performance'!F:F, MATCH($A16,'Campaign Performance'!$A:$A, 0))} -> 0 | AA16: {=INDEX('Campaign Performance'!G:G, MATCH($A16,'Campaign Performance'!$A:$A, 0))} -> 0 | AB16: {=INDEX('Campaign Performance'!H:H, MATCH($A16,'Campaign Performance'!$A:$A, 0))} -> 0 | AC16: =YEAR(TODAY()) - B16 -> 38 | AD16: =DATEDIF(I16,today(),"Y") -> 13 | AE16: =sum(J16:O16) -> 541.70902 | AF16: =sum(V16:Z16) -> 0 | AG16: =if(G16+H16 =0,"No kids",if(G16+H16 = 1,"Small family","Large family")) -> Small family | AH16: =if(E16< 30000, "Low income", if(E16 < 50000, "Mid income", "High income")) -> Low income | AI16: =if(AB16 = 1, "Yes" , "No") -> No | AJ16: =if(AF16 = 0, "No Acceptance", if(AF16 = 1, "Low Acceptance", if(AF16 = 2,"Mid Acceptance","High Acceptance"))) -> No Acceptance | AK16: =IF(AH16 = "Low income", 1, if(AH16="Mid income", 2, 3)) -> 1 | AL16: =(AE16-min(AE:AE)) / (MAX(AE:AE)-min(AE:AE)) -> 0.027455321 | AM16: =(max(U:U) -U16)/max(U:U) -> 0.61616162 | AN16: =(Q16-min(Q:Q)) / (max(Q:Q)-min(Q:Q)) -> 0.037037037 | AO16: =(R16-min(R:R))/(max(R:R)-min(R:R)) -> 0 | AP16: =(AF16-min(AF:AF))/max(AF:AF)-min(AF:AF) -> 0 | AQ16: =(AK16-min(AK:AK))/(max(AK:AK)-min(AK:AK)) -> 0 | AR16: =0.3*AM16+0.25*AL16+0.15*AN16+0.1*AO16+0.1*AQ16+0.1*AP16 -> 0.19726787 | AS16: =RANK(AR16,AR:AR,FALSE) -> 1683 | AT16: =(max(AS:AS)-AS16)/(max(AS:AS)-min(AS:AS)) -> 0.24877177 | AU16: =if(AT16<0.5,"Low", if(and(AT16>=0.5,AT16<0.74),"Mid","High")) -> Low
A17: 2114 | B17: 1960 | C17: PhD | D17: Single | E17: 82800 | F17: =if(ISBLANK(E:E),MEDIAN(E:E), E:E) -> 82800 | G17: 0 | H17: 0 | I17: 2012-11-24 | J17: {=INDEX('Purchase Behaviour'!B:B,MATCH(A17,'Purchase Behaviour'!A:A, 0))} -> 410.84881 | K17: {=INDEX('Purchase Behaviour'!C:C, MATCH(A17,'Purchase Behaviour'!A:A, 0))} -> 254.6533 | L17: {=INDEX('Purchase Behaviour'!D:D, MATCH($A17,'Purchase Behaviour'!$A:$A, 0))} -> 358.95245 | M17: {=INDEX('Purchase Behaviour'!E:E, MATCH($A17,'Purchase Behaviour'!$A:$A, 0))} -> 232.87208 | N17: {=INDEX('Purchase Behaviour'!F:F, MATCH($A17,'Purchase Behaviour'!$A:$A, 0))} -> 282.24577 | O17: {=INDEX('Purchase Behaviour'!G:G, MATCH($A17,'Purchase Behaviour'!$A:$A, 0))} -> 142.25563 | P17: {=INDEX('Purchase Behaviour'!H:H, MATCH($A17,'Purchase Behaviour'!$A:$A, 0))} -> 1 | Q17: {=INDEX('Purchase Behaviour'!I:I, MATCH($A17,'Purchase Behaviour'!$A:$A, 0))} -> 7 | R17: {=INDEX('Purchase Behaviour'!J:J, MATCH($A17,'Purchase Behaviour'!$A:$A, 0))} -> 6 | S17: {=INDEX('Purchase Behaviour'!K:K, MATCH($A17,'Purchase Behaviour'!$A:$A, 0))} -> 12 | T17: {=INDEX('Purchase Behaviour'!L:L, MATCH($A17,'Purchase Behaviour'!$A:$A, 0))} -> 3 | U17: {=INDEX('Purchase Behaviour'!M:M, MATCH($A17,'Purchase Behaviour'!$A:$A, 0))} -> 23 | V17: {=INDEX('Campaign Performance'!B:B, MATCH(A17,'Campaign Performance'!A:A, 0))} -> 0 | W17: {=INDEX('Campaign Performance'!C:C, MATCH($A17,'Campaign Performance'!$A:$A, 0))} -> 0 | X17: {=INDEX('Campaign Performance'!D:D, MATCH($A17,'Campaign Performance'!$A:$A, 0))} -> 1 | Y17: {=INDEX('Campaign Performance'!E:E, MATCH($A17,'Campaign Performance'!$A:$A, 0))} -> 1 | Z17: {=INDEX('Campaign Performance'!F:F, MATCH($A17,'Campaign Performance'!$A:$A, 0))} -> 0 | AA17: {=INDEX('Campaign Performance'!G:G, MATCH($A17,'Campaign Performance'!$A:$A, 0))} -> 0 | AB17: {=INDEX('Campaign Performance'!H:H, MATCH($A17,'Campaign Performance'!$A:$A, 0))} -> 1 | AC17: =YEAR(TODAY()) - B17 -> 65 | AD17: =DATEDIF(I17,today(),"Y") -> 12 | AE17: =sum(J17:O17) -> 1681.828 | AF17: =sum(V17:Z17) -> 2 | AG17: =if(G17+H17 =0,"No kids",if(G17+H17 = 1,"Small family","Large family")) -> No kids | AH17: =if(E17< 30000, "Low income", if(E17 < 50000, "Mid income", "High income")) -> High income | AI17: =if(AB17 = 1, "Yes" , "No") -> Yes | AJ17: =if(AF17 = 0, "No Acceptance", if(AF17 = 1, "Low Acceptance", if(AF17 = 2,"Mid Acceptance","High Acceptance"))) -> Mid Acceptance | AK17: =IF(AH17 = "Low income", 1, if(AH17="Mid income", 2, 3)) -> 3 | AL17: =(AE17-min(AE:AE)) / (MAX(AE:AE)-min(AE:AE)) -> 0.085239725 | AM17: =(max(U:U) -U17)/max(U:U) -> 0.76767677 | AN17: =(Q17-min(Q:Q)) / (max(Q:Q)-min(Q:Q)) -> 0.25925926 | AO17: =(R17-min(R:R))/(max(R:R)-min(R:R)) -> 0.21428571 | AP17: =(AF17-min(AF:AF))/max(AF:AF)-min(AF:AF) -> 0.5 | AQ17: =(AK17-min(AK:AK))/(max(AK:AK)-min(AK:AK)) -> 1 | AR17: =0.3*AM17+0.25*AL17+0.15*AN17+0.1*AO17+0.1*AQ17+0.1*AP17 -> 0.46193042 | AS17: =RANK(AR17,AR:AR,FALSE) -> 114 | AT17: =(max(AS:AS)-AS17)/(max(AS:AS)-min(AS:AS)) -> 0.94953104 | AU17: =if(AT17<0.5,"Low", if(and(AT17>=0.5,AT17<0.74),"Mid","High")) -> High
A18: 9736 | B18: 1980 | C18: Graduation | D18: Married | E18: 41850 | F18: =if(ISBLANK(E:E),MEDIAN(E:E), E:E) -> 41850 | G18: 0 | H18: 0 | I18: 2012-12-24 | J18: {=INDEX('Purchase Behaviour'!B:B,MATCH(A18,'Purchase Behaviour'!A:A, 0))} -> 217.16227 | K18: {=INDEX('Purchase Behaviour'!C:C, MATCH(A18,'Purchase Behaviour'!A:A, 0))} -> 308.64751 | L18: {=INDEX('Purchase Behaviour'!D:D, MATCH($A18,'Purchase Behaviour'!$A:$A, 0))} -> 171.02255 | M18: {=INDEX('Purchase Behaviour'!E:E, MATCH($A18,'Purchase Behaviour'!$A:$A, 0))} -> 262.09546 | N18: {=INDEX('Purchase Behaviour'!F:F, MATCH($A18,'Purchase Behaviour'!$A:$A, 0))} -> 272.38408 | O18: {=INDEX('Purchase Behaviour'!G:G, MATCH($A18,'Purchase Behaviour'!$A:$A, 0))} -> 123.40914 | P18: {=INDEX('Purchase Behaviour'!H:H, MATCH($A18,'Purchase Behaviour'!$A:$A, 0))} -> 3 | Q18: {=INDEX('Purchase Behaviour'!I:I, MATCH($A18,'Purchase Behaviour'!$A:$A, 0))} -> 3 | R18: {=INDEX('Purchase Behaviour'!J:J, MATCH($A18,'Purchase Behaviour'!$A:$A, 0))} -> 0 | S18: {=INDEX('Purchase Behaviour'!K:K, MATCH($A18,'Purchase Behaviour'!$A:$A, 0))} -> 3 | T18: {=INDEX('Purchase Behaviour'!L:L, MATCH($A18,'Purchase Behaviour'!$A:$A, 0))} -> 8 | U18: {=INDEX('Purchase Behaviour'!M:M, MATCH($A18,'Purchase Behaviour'!$A:$A, 0))} -> 51 | V18: {=INDEX('Campaign Performance'!B:B, MATCH(A18,'Campaign Performance'!A:A, 0))} -> 0 | W18: {=INDEX('Campaign Performance'!C:C, MATCH($A18,'Campaign Performance'!$A:$A, 0))} -> 0 | X18: {=INDEX('Campaign Performance'!D:D, MATCH($A18,'Campaign Performance'!$A:$A, 0))} -> 0 | Y18: {=INDEX('Campaign Performance'!E:E, MATCH($A18,'Campaign Performance'!$A:$A, 0))} -> 0 | Z18: {=INDEX('Campaign Performance'!F:F, MATCH($A18,'Campaign Performance'!$A:$A, 0))} -> 0 | AA18: {=INDEX('Campaign Performance'!G:G, MATCH($A18,'Campaign Performance'!$A:$A, 0))} -> 0 | AB18: {=INDEX('Campaign Performance'!H:H, MATCH($A18,'Campaign Performance'!$A:$A, 0))} -> 0 | AC18: =YEAR(TODAY()) - B18 -> 45 | AD18: =DATEDIF(I18,today(),"Y") -> 12 | AE18: =sum(J18:O18) -> 1354.721 | AF18: =sum(V18:Z18) -> 0 | AG18: =if(G18+H18 =0,"No kids",if(G18+H18 = 1,"Small family","Large family")) -> No kids | AH18: =if(E18< 30000, "Low income", if(E18 < 50000, "Mid income", "High income")) -> Mid income | AI18: =if(AB18 = 1, "Yes" , "No") -> No | AJ18: =if(AF18 = 0, "No Acceptance", if(AF18 = 1, "Low Acceptance", if(AF18 = 2,"Mid Acceptance","High Acceptance"))) -> No Acceptance | AK18: =IF(AH18 = "Low income", 1, if(AH18="Mid income", 2, 3)) -> 2 | AL18: =(AE18-min(AE:AE)) / (MAX(AE:AE)-min(AE:AE)) -> 0.06866103 | AM18: =(max(U:U) -U18)/max(U:U) -> 0.48484848 | AN18: =(Q18-min(Q:Q)) / (max(Q:Q)-min(Q:Q)) -> 0.11111111 | AO18: =(R18-min(R:R))/(max(R:R)-min(R:R)) -> 0 | AP18: =(AF18-min(AF:AF))/max(AF:AF)-min(AF:AF) -> 0 | AQ18: =(AK18-min(AK:AK))/(max(AK:AK)-min(AK:AK)) -> 0.5 | AR18: =0.3*AM18+0.25*AL18+0.15*AN18+0.1*AO18+0.1*AQ18+0.1*AP18 -> 0.22928647 | AS18: =RANK(AR18,AR:AR,FALSE) -> 1461 | AT18: =(max(AS:AS)-AS18)/(max(AS:AS)-min(AS:AS)) -> 0.34792318 | AU18: =if(AT18<0.5,"Low", if(and(AT18>=0.5,AT18<0.74),"Mid","High")) -> Low
A19: 4939 | B19: 1960 | C19: Graduation | D19: Together | E19: 37760 | F19: =if(ISBLANK(E:E),MEDIAN(E:E), E:E) -> 37760 | G19: 0 | H19: 0 | I19: 2012-08-31 | J19: {=INDEX('Purchase Behaviour'!B:B,MATCH(A19,'Purchase Behaviour'!A:A, 0))} -> 123.79896 | K19: {=INDEX('Purchase Behaviour'!C:C, MATCH(A19,'Purchase Behaviour'!A:A, 0))} -> 237.96473 | L19: {=INDEX('Purchase Behaviour'!D:D, MATCH($A19,'Purchase Behaviour'!$A:$A, 0))} -> 175.34042 | M19: {=INDEX('Purchase Behaviour'!E:E, MATCH($A19,'Purchase Behaviour'!$A:$A, 0))} -> 106.04931 | N19: {=INDEX('Purchase Behaviour'!F:F, MATCH($A19,'Purchase Behaviour'!$A:$A, 0))} -> 143.8578 | O19: {=INDEX('Purchase Behaviour'!G:G, MATCH($A19,'Purchase Behaviour'!$A:$A, 0))} -> 204.94302 | P19: {=INDEX('Purchase Behaviour'!H:H, MATCH($A19,'Purchase Behaviour'!$A:$A, 0))} -> 2 | Q19: {=INDEX('Purchase Behaviour'!I:I, MATCH($A19,'Purchase Behaviour'!$A:$A, 0))} -> 4 | R19: {=INDEX('Purchase Behaviour'!J:J, MATCH($A19,'Purchase Behaviour'!$A:$A, 0))} -> 1 | S19: {=INDEX('Purchase Behaviour'!K:K, MATCH($A19,'Purchase Behaviour'!$A:$A, 0))} -> 6 | T19: {=INDEX('Purchase Behaviour'!L:L, MATCH($A19,'Purchase Behaviour'!$A:$A, 0))} -> 7 | U19: {=INDEX('Purchase Behaviour'!M:M, MATCH($A19,'Purchase Behaviour'!$A:$A, 0))} -> 20 | V19: {=INDEX('Campaign Performance'!B:B, MATCH(A19,'Campaign Performance'!A:A, 0))} -> 0 | W19: {=INDEX('Campaign Performance'!C:C, MATCH($A19,'Campaign Performance'!$A:$A, 0))} -> 0 | X19: {=INDEX('Campaign Performance'!D:D, MATCH($A19,'Campaign Performance'!$A:$A, 0))} -> 0 | Y19: {=INDEX('Campaign Performance'!E:E, MATCH($A19,'Campaign Performance'!$A:$A, 0))} -> 0 | Z19: {=INDEX('Campaign Performance'!F:F, MATCH($A19,'Campaign Performance'!$A:$A, 0))} -> 0 | AA19: {=INDEX('Campaign Performance'!G:G, MATCH($A19,'Campaign Performance'!$A:$A, 0))} -> 0 | AB19: {=INDEX('Campaign Performance'!H:H, MATCH($A19,'Campaign Performance'!$A:$A, 0))} -> 0 | AC19: =YEAR(TODAY()) - B19 -> 65 | AD19: =DATEDIF(I19,today(),"Y") -> 13 | AE19: =sum(J19:O19) -> 991.95424 | AF19: =sum(V19:Z19) -> 0 | AG19: =if(G19+H19 =0,"No kids",if(G19+H19 = 1,"Small family","Large family")) -> No kids | AH19: =if(E19< 30000, "Low income", if(E19 < 50000, "Mid income", "High income")) -> Mid income | AI19: =if(AB19 = 1, "Yes" , "No") -> No | AJ19: =if(AF19 = 0, "No Acceptance", if(AF19 = 1, "Low Acceptance", if(AF19 = 2,"Mid Acceptance","High Acceptance"))) -> No Acceptance | AK19: =IF(AH19 = "Low income", 1, if(AH19="Mid income", 2, 3)) -> 2 | AL19: =(AE19-min(AE:AE)) / (MAX(AE:AE)-min(AE:AE)) -> 0.050275001 | AM19: =(max(U:U) -U19)/max(U:U) -> 0.7979798 | AN19: =(Q19-min(Q:Q)) / (max(Q:Q)-min(Q:Q)) -> 0.14814815 | AO19: =(R19-min(R:R))/(max(R:R)-min(R:R)) -> 0.035714286 | AP19: =(AF19-min(AF:AF))/max(AF:AF)-min(AF:AF) -> 0 | AQ19: =(AK19-min(AK:AK))/(max(AK:AK)-min(AK:AK)) -> 0.5 | AR19: =0.3*AM19+0.25*AL19+0.15*AN19+0.1*AO19+0.1*AQ19+0.1*AP19 -> 0.32775634 | AS19: =RANK(AR19,AR:AR,FALSE) -> 740 | AT19: =(max(AS:AS)-AS19)/(max(AS:AS)-min(AS:AS)) -> 0.66994194 | AU19: =if(AT19<0.5,"Low", if(and(AT19>=0.5,AT19<0.74),"Mid","High")) -> Mid
A20: 6565 | B20: 1960 | C20: Master | D20: Married | E20: 76995 | F20: =if(ISBLANK(E:E),MEDIAN(E:E), E:E) -> 76995 | G20: 0 | H20: 0 | I20: 2013-03-28 | J20: {=INDEX('Purchase Behaviour'!B:B,MATCH(A20,'Purchase Behaviour'!A:A, 0))} -> 274.81671 | K20: {=INDEX('Purchase Behaviour'!C:C, MATCH(A20,'Purchase Behaviour'!A:A, 0))} -> 41.31725 | L20: {=INDEX('Purchase Behaviour'!D:D, MATCH($A20,'Purchase Behaviour'!$A:$A, 0))} -> 330.45332 | M20: {=INDEX('Purchase Behaviour'!E:E, MATCH($A20,'Purchase Behaviour'!$A:$A, 0))} -> 340.00503 | N20: {=INDEX('Purchase Behaviour'!F:F, MATCH($A20,'Purchase Behaviour'!$A:$A, 0))} -> 369.50424 | O20: {=INDEX('Purchase Behaviour'!G:G, MATCH($A20,'Purchase Behaviour'!$A:$A, 0))} -> 516.8304 | P20: {=INDEX('Purchase Behaviour'!H:H, MATCH($A20,'Purchase Behaviour'!$A:$A, 0))} -> 2 | Q20: {=INDEX('Purchase Behaviour'!I:I, MATCH($A20,'Purchase Behaviour'!$A:$A, 0))} -> 11 | R20: {=INDEX('Purchase Behaviour'!J:J, MATCH($A20,'Purchase Behaviour'!$A:$A, 0))} -> 4 | S20: {=INDEX('Purchase Behaviour'!K:K, MATCH($A20,'Purchase Behaviour'!$A:$A, 0))} -> 9 | T20: {=INDEX('Purchase Behaviour'!L:L, MATCH($A20,'Purchase Behaviour'!$A:$A, 0))} -> 5 | U20: {=INDEX('Purchase Behaviour'!M:M, MATCH($A20,'Purchase Behaviour'!$A:$A, 0))} -> 91 | V20: {=INDEX('Campaign Performance'!B:B, MATCH(A20,'Campaign Performance'!A:A, 0))} -> 0 | W20: {=INDEX('Campaign Performance'!C:C, MATCH($A20,'Campaign Performance'!$A:$A, 0))} -> 0 | X20: {=INDEX('Campaign Performance'!D:D, MATCH($A20,'Campaign Performance'!$A:$A, 0))} -> 0 | Y20: {=INDEX('Campaign Performance'!E:E, MATCH($A20,'Campaign Performance'!$A:$A, 0))} -> 1 | Z20: {=INDEX('Campaign Performance'!F:F, MATCH($A20,'Campaign Performance'!$A:$A, 0))} -> 0 | AA20: {=INDEX('Campaign Performance'!G:G, MATCH($A20,'Campaign Performance'!$A:$A, 0))} -> 0 | AB20: {=INDEX('Campaign Performance'!H:H, MATCH($A20,'Campaign Performance'!$A:$A, 0))} -> 0 | AC20: =YEAR(TODAY()) - B20 -> 65 | AD20: =DATEDIF(I20,today(),"Y") -> 12 | AE20: =sum(J20:O20) -> 1872.927 | AF20: =sum(V20:Z20) -> 1 | AG20: =if(G20+H20 =0,"No kids",if(G20+H20 = 1,"Small family","Large family")) -> No kids | AH20: =if(E20< 30000, "Low income", if(E20 < 50000, "Mid income", "High income")) -> High income | AI20: =if(AB20 = 1, "Yes" , "No") -> No | AJ20: =if(AF20 = 0, "No Acceptance", if(AF20 = 1, "Low Acceptance", if(AF20 = 2,"Mid Acceptance","High Acceptance"))) -> Low Acceptance | AK20: =IF(AH20 = "Low income", 1, if(AH20="Mid income", 2, 3)) -> 3 | AL20: =(AE20-min(AE:AE)) / (MAX(AE:AE)-min(AE:AE)) -> 0.09492515 | AM20: =(max(U:U) -U20)/max(U:U) -> 0.080808081 | AN20: =(Q20-min(Q:Q)) / (max(Q:Q)-min(Q:Q)) -> 0.40740741 | AO20: =(R20-min(R:R))/(max(R:R)-min(R:R)) -> 0.14285714 | AP20: =(AF20-min(AF:AF))/max(AF:AF)-min(AF:AF) -> 0.25 | AQ20: =(AK20-min(AK:AK))/(max(AK:AK)-min(AK:AK)) -> 1 | AR20: =0.3*AM20+0.25*AL20+0.15*AN20+0.1*AO20+0.1*AQ20+0.1*AP20 -> 0.24837054 | AS20: =RANK(AR20,AR:AR,FALSE) -> 1330 | AT20: =(max(AS:AS)-AS20)/(max(AS:AS)-min(AS:AS)) -> 0.40643144 | AU20: =if(AT20<0.5,"Low", if(and(AT20>=0.5,AT20<0.74),"Mid","High")) -> Low
A21: 2278 | B21: 1985 | C21: 2n Cycle | D21: Single | E21: 33812 | F21: =if(ISBLANK(E:E),MEDIAN(E:E), E:E) -> 33812 | G21: 1 | H21: 2 | I21: 2012-11-03 | J21: {=INDEX('Purchase Behaviour'!B:B,MATCH(A21,'Purchase Behaviour'!A:A, 0))} -> 164.55941 | K21: {=INDEX('Purchase Behaviour'!C:C, MATCH(A21,'Purchase Behaviour'!A:A, 0))} -> 174.36584 | L21: {=INDEX('Purchase Behaviour'!D:D, MATCH($A21,'Purchase Behaviour'!$A:$A, 0))} -> 216.43598 | M21: {=INDEX('Purchase Behaviour'!E:E, MATCH($A21,'Purchase Behaviour'!$A:$A, 0))} -> 162.32395 | N21: {=INDEX('Purchase Behaviour'!F:F, MATCH($A21,'Purchase Behaviour'!$A:$A, 0))} -> 272.40099 | O21: {=INDEX('Purchase Behaviour'!G:G, MATCH($A21,'Purchase Behaviour'!$A:$A, 0))} -> 96.363339 | P21: {=INDEX('Purchase Behaviour'!H:H, MATCH($A21,'Purchase Behaviour'!$A:$A, 0))} -> 2 | Q21: {=INDEX('Purchase Behaviour'!I:I, MATCH($A21,'Purchase Behaviour'!$A:$A, 0))} -> 2 | R21: {=INDEX('Purchase Behaviour'!J:J, MATCH($A21,'Purchase Behaviour'!$A:$A, 0))} -> 1 | S21: {=INDEX('Purchase Behaviour'!K:K, MATCH($A21,'Purchase Behaviour'!$A:$A, 0))} -> 3 | T21: {=INDEX('Purchase Behaviour'!L:L, MATCH($A21,'Purchase Behaviour'!$A:$A, 0))} -> 6 | U21: {=INDEX('Purchase Behaviour'!M:M, MATCH($A21,'Purchase Behaviour'!$A:$A, 0))} -> 86 | V21: {=INDEX('Campaign Performance'!B:B, MATCH(A21,'Campaign Performance'!A:A, 0))} -> 0 | W21: {=INDEX('Campaign Performance'!C:C, MATCH($A21,'Campaign Performance'!$A:$A, 0))} -> 0 | X21: {=INDEX('Campaign Performance'!D:D, MATCH($A21,'Campaign Performance'!$A:$A, 0))} -> 0 | Y21: {=INDEX('Campaign Performance'!E:E, MATCH($A21,'Campaign Performance'!$A:$A, 0))} -> 0 | Z21: {=INDEX('Campaign Performance'!F:F, MATCH($A21,'Campaign Performance'!$A:$A, 0))} -> 0 | AA21: {=INDEX('Campaign Performance'!G:G, MATCH($A21,'Campaign Performance'!$A:$A, 0))} -> 0 | AB21: {=INDEX('Campaign Performance'!H:H, MATCH($A21,'Campaign Performance'!$A:$A, 0))} -> 0 | AC21: =YEAR(TODAY()) - B21 -> 40 | AD21: =DATEDIF(I21,today(),"Y") -> 13 | AE21: =sum(J21:O21) -> 1086.4495 | AF21: =sum(V21:Z21) -> 0 | AG21: =if(G21+H21 =0,"No kids",if(G21+H21 = 1,"Small family","Large family")) -> Large family | AH21: =if(E21< 30000, "Low income", if(E21 < 50000, "Mid income", "High income")) -> Mid income | AI21: =if(AB21 = 1, "Yes" , "No") -> No | AJ21: =if(AF21 = 0, "No Acceptance", if(AF21 = 1, "Low Acceptance", if(AF21 = 2,"Mid Acceptance","High Acceptance"))) -> No Acceptance | AK21: =IF(AH21 = "Low income", 1, if(AH21="Mid income", 2, 3)) -> 2 | AL21: =(AE21-min(AE:AE)) / (MAX(AE:AE)-min(AE:AE)) -> 0.055064285 | AM21: =(max(U:U) -U21)/max(U:U) -> 0.13131313 | AN21: =(Q21-min(Q:Q)) / (max(Q:Q)-min(Q:Q)) -> 0.074074074 | AO21: =(R21-min(R:R))/(max(R:R)-min(R:R)) -> 0.035714286 | AP21: =(AF21-min(AF:AF))/max(AF:AF)-min(AF:AF) -> 0 | AQ21: =(AK21-min(AK:AK))/(max(AK:AK)-min(AK:AK)) -> 0.5 | AR21: =0.3*AM21+0.25*AL21+0.15*AN21+0.1*AO21+0.1*AQ21+0.1*AP21 -> 0.11784255 | AS21: =RANK(AR21,AR:AR,FALSE) -> 2037 | AT21: =(max(AS:AS)-AS21)/(max(AS:AS)-min(AS:AS)) -> 0.090665476 | AU21: =if(AT21<0.5,"Low", if(and(AT21>=0.5,AT21<0.74),"Mid","High")) -> Low
A22: 9360 | B22: 1982 | C22: Graduation | D22: Married | E22: 37040 | F22: =if(ISBLANK(E:E),MEDIAN(E:E), E:E) -> 37040 | G22: 1 | H22: 1 | I22: 2012-08-08 | J22: {=INDEX('Purchase Behaviour'!B:B,MATCH(A22,'Purchase Behaviour'!A:A, 0))} -> 124.25407 | K22: {=INDEX('Purchase Behaviour'!C:C, MATCH(A22,'Purchase Behaviour'!A:A, 0))} -> 212.05482 | L22: {=INDEX('Purchase Behaviour'!D:D, MATCH($A22,'Purchase Behaviour'!$A:$A, 0))} -> 248.37253 | M22: {=INDEX('Purchase Behaviour'!E:E, MATCH($A22,'Purchase Behaviour'!$A:$A, 0))} -> 165.84613 | N22: {=INDEX('Purchase Behaviour'!F:F, MATCH($A22,'Purchase Behaviour'!$A:$A, 0))} -> 119.91688 | O22: {=INDEX('Purchase Behaviour'!G:G, MATCH($A22,'Purchase Behaviour'!$A:$A, 0))} -> 277.10863 | P22: {=INDEX('Purchase Behaviour'!H:H, MATCH($A22,'Purchase Behaviour'!$A:$A, 0))} -> 1 | Q22: {=INDEX('Purchase Behaviour'!I:I, MATCH($A22,'Purchase Behaviour'!$A:$A, 0))} -> 4 | R22: {=INDEX('Purchase Behaviour'!J:J, MATCH($A22,'Purchase Behaviour'!$A:$A, 0))} -> 2 | S22: {=INDEX('Purchase Behaviour'!K:K, MATCH($A22,'Purchase Behaviour'!$A:$A, 0))} -> 5 | T22: {=INDEX('Purchase Behaviour'!L:L, MATCH($A22,'Purchase Behaviour'!$A:$A, 0))} -> 8 | U22: {=INDEX('Purchase Behaviour'!M:M, MATCH($A22,'Purchase Behaviour'!$A:$A, 0))} -> 41 | V22: {=INDEX('Campaign Performance'!B:B, MATCH(A22,'Campaign Performance'!A:A, 0))} -> 0 | W22: {=INDEX('Campaign Performance'!C:C, MATCH($A22,'Campaign Performance'!$A:$A, 0))} -> 0 | X22: {=INDEX('Campaign Performance'!D:D, MATCH($A22,'Campaign Performance'!$A:$A, 0))} -> 0 | Y22: {=INDEX('Campaign Performance'!E:E, MATCH($A22,'Campaign Performance'!$A:$A, 0))} -> 0 | Z22: {=INDEX('Campaign Performance'!F:F, MATCH($A22,'Campaign Performance'!$A:$A, 0))} -> 0 | AA22: {=INDEX('Campaign Performance'!G:G, MATCH($A22,'Campaign Performance'!$A:$A, 0))} -> 0 | AB22: {=INDEX('Campaign Performance'!H:H, MATCH($A22,'Campaign Performance'!$A:$A, 0))} -> 0 | AC22: =YEAR(TODAY()) - B22 -> 43 | AD22: =DATEDIF(I22,today(),"Y") -> 13 | AE22: =sum(J22:O22) -> 1147.5531 | AF22: =sum(V22:Z22) -> 0 | AG22: =if(G22+H22 =0,"No kids",if(G22+H22 = 1,"Small family","Large family")) -> Large family | AH22: =if(E22< 30000, "Low income", if(E22 < 50000, "Mid income", "High income")) -> Mid income | AI22: =if(AB22 = 1, "Yes" , "No") -> No | AJ22: =if(AF22 = 0, "No Acceptance", if(AF22 = 1, "Low Acceptance", if(AF22 = 2,"Mid Acceptance","High Acceptance"))) -> No Acceptance | AK22: =IF(AH22 = "Low income", 1, if(AH22="Mid income", 2, 3)) -> 2 | AL22: =(AE22-min(AE:AE)) / (MAX(AE:AE)-min(AE:AE)) -> 0.058161182 | AM22: =(max(U:U) -U22)/max(U:U) -> 0.58585859 | AN22: =(Q22-min(Q:Q)) / (max(Q:Q)-min(Q:Q)) -> 0.14814815 | AO22: =(R22-min(R:R))/(max(R:R)-min(R:R)) -> 0.071428571 | AP22: =(AF22-min(AF:AF))/max(AF:AF)-min(AF:AF) -> 0 | AQ22: =(AK22-min(AK:AK))/(max(AK:AK)-min(AK:AK)) -> 0.5 | AR22: =0.3*AM22+0.25*AL22+0.15*AN22+0.1*AO22+0.1*AQ22+0.1*AP22 -> 0.26966295 | AS22: =RANK(AR22,AR:AR,FALSE) -> 1179 | AT22: =(max(AS:AS)-AS22)/(max(AS:AS)-min(AS:AS)) -> 0.47387226 | AU22: =if(AT22<0.5,"Low", if(and(AT22>=0.5,AT22<0.74),"Mid","High")) -> Low
A23: 5376 | B23: 1979 | C23: Graduation | D23: Married | E23: 2447 | F23: =if(ISBLANK(E:E),MEDIAN(E:E), E:E) -> 2447 | G23: 0 | H23: 1 | I23: 2013-01-06 | J23: {=INDEX('Purchase Behaviour'!B:B,MATCH(A23,'Purchase Behaviour'!A:A, 0))} -> 8.7399022 | K23: {=INDEX('Purchase Behaviour'!C:C, MATCH(A23,'Purchase Behaviour'!A:A, 0))} -> 12.979119 | L23: {=INDEX('Purchase Behaviour'!D:D, MATCH($A23,'Purchase Behaviour'!$A:$A, 0))} -> 16.632614 | M23: {=INDEX('Purchase Behaviour'!E:E, MATCH($A23,'Purchase Behaviour'!$A:$A, 0))} -> 10.054143 | N23: {=INDEX('Purchase Behaviour'!F:F, MATCH($A23,'Purchase Behaviour'!$A:$A, 0))} -> 9.3777614 | O23: {=INDEX('Purchase Behaviour'!G:G, MATCH($A23,'Purchase Behaviour'!$A:$A, 0))} -> 9.6341927 | P23: {=INDEX('Purchase Behaviour'!H:H, MATCH($A23,'Purchase Behaviour'!$A:$A, 0))} -> 15 | Q23: {=INDEX('Purchase Behaviour'!I:I, MATCH($A23,'Purchase Behaviour'!$A:$A, 0))} -> 0 | R23: {=INDEX('Purchase Behaviour'!J:J, MATCH($A23,'Purchase Behaviour'!$A:$A, 0))} -> 28 | S23: {=INDEX('Purchase Behaviour'!K:K, MATCH($A23,'Purchase Behaviour'!$A:$A, 0))} -> 0 | T23: {=INDEX('Purchase Behaviour'!L:L, MATCH($A23,'Purchase Behaviour'!$A:$A, 0))} -> 1 | U23: {=INDEX('Purchase Behaviour'!M:M, MATCH($A23,'Purchase Behaviour'!$A:$A, 0))} -> 42 | V23: {=INDEX('Campaign Performance'!B:B, MATCH(A23,'Campaign Performance'!A:A, 0))} -> 0 | W23: {=INDEX('Campaign Performance'!C:C, MATCH($A23,'Campaign Performance'!$A:$A, 0))} -> 0 | X23: {=INDEX('Campaign Performance'!D:D, MATCH($A23,'Campaign Performance'!$A:$A, 0))} -> 0 | Y23: {=INDEX('Campaign Performance'!E:E, MATCH($A23,'Campaign Performance'!$A:$A, 0))} -> 0 | Z23: {=INDEX('Campaign Performance'!F:F, MATCH($A23,'Campaign Performance'!$A:$A, 0))} -> 0 | AA23: {=INDEX('Campaign Performance'!G:G, MATCH($A23,'Campaign Performance'!$A:$A, 0))} -> 0 | AB23: {=INDEX('Campaign Performance'!H:H, MATCH($A23,'Campaign Performance'!$A:$A, 0))} -> 0 | AC23: =YEAR(TODAY()) - B23 -> 46 | AD23: =DATEDIF(I23,today(),"Y") -> 12 | AE23: =sum(J23:O23) -> 67.417733 | AF23: =sum(V23:Z23) -> 0 | AG23: =if(G23+H23 =0,"No kids",if(G23+H23 = 1,"Small family","Large family")) -> Small family | AH23: =if(E23< 30000, "Low income", if(E23 < 50000, "Mid income", "High income")) -> Low income | AI23: =if(AB23 = 1, "Yes" , "No") -> No | AJ23: =if(AF23 = 0, "No Acceptance", if(AF23 = 1, "Low Acceptance", if(AF23 = 2,"Mid Acceptance","High Acceptance"))) -> No Acceptance | AK23: =IF(AH23 = "Low income", 1, if(AH23="Mid income", 2, 3)) -> 1 | AL23: =(AE23-min(AE:AE)) / (MAX(AE:AE)-min(AE:AE)) -> 0.0034169183 | AM23: =(max(U:U) -U23)/max(U:U) -> 0.57575758 | AN23: =(Q23-min(Q:Q)) / (max(Q:Q)-min(Q:Q)) -> 0 | AO23: =(R23-min(R:R))/(max(R:R)-min(R:R)) -> 1 | AP23: =(AF23-min(AF:AF))/max(AF:AF)-min(AF:AF) -> 0 | AQ23: =(AK23-min(AK:AK))/(max(AK:AK)-min(AK:AK)) -> 0 | AR23: =0.3*AM23+0.25*AL23+0.15*AN23+0.1*AO23+0.1*AQ23+0.1*AP23 -> 0.2735815 | AS23: =RANK(AR23,AR:AR,FALSE) -> 1153 | AT23: =(max(AS:AS)-AS23)/(max(AS:AS)-min(AS:AS)) -> 0.48548459 | AU23: =if(AT23<0.5,"Low", if(and(AT23>=0.5,AT23<0.74),"Mid","High")) -> Low
A24: 1993 | B24: 1960 | C24: PhD | D24: Married | E24: 58607 | F24: =if(ISBLANK(E:E),MEDIAN(E:E), E:E) -> 58607 | G24: 0 | H24: 0 | I24: 2012-12-23 | J24: {=INDEX('Purchase Behaviour'!B:B,MATCH(A24,'Purchase Behaviour'!A:A, 0))} -> 361.33436 | K24: {=INDEX('Purchase Behaviour'!C:C, MATCH(A24,'Purchase Behaviour'!A:A, 0))} -> 375.56648 | L24: {=INDEX('Purchase Behaviour'!D:D, MATCH($A24,'Purchase Behaviour'!$A:$A, 0))} -> 283.45747 | M24: {=INDEX('Purchase Behaviour'!E:E, MATCH($A24,'Purchase Behaviour'!$A:$A, 0))} -> 449.41492 | N24: {=INDEX('Purchase Behaviour'!F:F, MATCH($A24,'Purchase Behaviour'!$A:$A, 0))} -> 283.29963 | O24: {=INDEX('Purchase Behaviour'!G:G, MATCH($A24,'Purchase Behaviour'!$A:$A, 0))} -> 396.40232 | P24: {=INDEX('Purchase Behaviour'!H:H, MATCH($A24,'Purchase Behaviour'!$A:$A, 0))} -> 3 | Q24: {=INDEX('Purchase Behaviour'!I:I, MATCH($A24,'Purchase Behaviour'!$A:$A, 0))} -> 2 | R24: {=INDEX('Purchase Behaviour'!J:J, MATCH($A24,'Purchase Behaviour'!$A:$A, 0))} -> 3 | S24: {=INDEX('Purchase Behaviour'!K:K, MATCH($A24,'Purchase Behaviour'!$A:$A, 0))} -> 9 | T24: {=INDEX('Purchase Behaviour'!L:L, MATCH($A24,'Purchase Behaviour'!$A:$A, 0))} -> 8 | U24: {=INDEX('Purchase Behaviour'!M:M, MATCH($A24,'Purchase Behaviour'!$A:$A, 0))} -> 63 | V24: {=INDEX('Campaign Performance'!B:B, MATCH(A24,'Campaign Performance'!A:A, 0))} -> 0 | W24: {=INDEX('Campaign Performance'!C:C, MATCH($A24,'Campaign Performance'!$A:$A, 0))} -> 1 | X24: {=INDEX('Campaign Performance'!D:D, MATCH($A24,'Campaign Performance'!$A:$A, 0))} -> 0 | Y24: {=INDEX('Campaign Performance'!E:E, MATCH($A24,'Campaign Performance'!$A:$A, 0))} -> 0 | Z24: {=INDEX('Campaign Performance'!F:F, MATCH($A24,'Campaign Performance'!$A:$A, 0))} -> 0 | AA24: {=INDEX('Campaign Performance'!G:G, MATCH($A24,'Campaign Performance'!$A:$A, 0))} -> 0 | AB24: {=INDEX('Campaign Performance'!H:H, MATCH($A24,'Campaign Performance'!$A:$A, 0))} -> 0 | AC24: =YEAR(TODAY()) - B24 -> 65 | AD24: =DATEDIF(I24,today(),"Y") -> 12 | AE24: =sum(J24:O24) -> 2149.4752 | AF24: =sum(V24:Z24) -> 1 | AG24: =if(G24+H24 =0,"No kids",if(G24+H24 = 1,"Small family","Large family")) -> No kids | AH24: =if(E24< 30000, "Low income", if(E24 < 50000, "Mid income", "High income")) -> High income | AI24: =if(AB24 = 1, "Yes" , "No") -> No | AJ24: =if(AF24 = 0, "No Acceptance", if(AF24 = 1, "Low Acceptance", if(AF24 = 2,"Mid Acceptance","High Acceptance"))) -> Low Acceptance | AK24: =IF(AH24 = "Low income", 1, if(AH24="Mid income", 2, 3)) -> 3 | AL24: =(AE24-min(AE:AE)) / (MAX(AE:AE)-min(AE:AE)) -> 0.10894138 | AM24: =(max(U:U) -U24)/max(U:U) -> 0.36363636 | AN24: =(Q24-min(Q:Q)) / (max(Q:Q)-min(Q:Q)) -> 0.074074074 | AO24: =(R24-min(R:R))/(max(R:R)-min(R:R)) -> 0.10714286 | AP24: =(AF24-min(AF:AF))/max(AF:AF)-min(AF:AF) -> 0.25 | AQ24: =(AK24-min(AK:AK))/(max(AK:AK)-min(AK:AK)) -> 1 | AR24: =0.3*AM24+0.25*AL24+0.15*AN24+0.1*AO24+0.1*AQ24+0.1*AP24 -> 0.28315165 | AS24: =RANK(AR24,AR:AR,FALSE) -> 1089 | AT24: =(max(AS:AS)-AS24)/(max(AS:AS)-min(AS:AS)) -> 0.51406878 | AU24: =if(AT24<0.5,"Low", if(and(AT24>=0.5,AT24<0.74),"Mid","High")) -> Mid
... A28: 2404 | B28: 1976 | C28: Graduation | D28: Married | E28: 53359 | F28: =if(ISBLANK(E:E),MEDIAN(E:E), E:E) -> 53359 | G28: 0 | H28: 2 | I28: 2013-05-27 | J28: {=INDEX('Purchase Behaviour'!B:B,MATCH(A28,'Purchase Behaviour'!A:A, 0))} -> 297.27937 | K28: {=INDEX('Purchase Behaviour'!C:C, MATCH(A28,'Purchase Behaviour'!A:A, 0))} -> 407.86086 | L28: {=INDEX('Purchase Behaviour'!D:D, MATCH($A28,'Purchase Behaviour'!$A:$A, 0))} -> 219.82158 | M28: {=INDEX('Purchase Behaviour'!E:E, MATCH($A28,'Purchase Behaviour'!$A:$A, 0))} -> 131.48265 | N28: {=INDEX('Purchase Behaviour'!F:F, MATCH($A28,'Purchase Behaviour'!$A:$A, 0))} -> 261.23192 | O28: {=INDEX('Purchase Behaviour'!G:G, MATCH($A28,'Purchase Behaviour'!$A:$A, 0))} -> 272.84833 | P28: {=INDEX('Purchase Behaviour'!H:H, MATCH($A28,'Purchase Behaviour'!$A:$A, 0))} -> 4 | Q28: {=INDEX('Purchase Behaviour'!I:I, MATCH($A28,'Purchase Behaviour'!$A:$A, 0))} -> 5 | R28: {=INDEX('Purchase Behaviour'!J:J, MATCH($A28,'Purchase Behaviour'!$A:$A, 0))} -> 1 | S28: {=INDEX('Purchase Behaviour'!K:K, MATCH($A28,'Purchase Behaviour'!$A:$A, 0))} -> 4 | T28: {=INDEX('Purchase Behaviour'!L:L, MATCH($A28,'Purchase Behaviour'!$A:$A, 0))} -> 7 | U28: {=INDEX('Purchase Behaviour'!M:M, MATCH($A28,'Purchase Behaviour'!$A:$A, 0))} -> 4 | V28: {=INDEX('Campaign Performance'!B:B, MATCH(A28,'Campaign Performance'!A:A, 0))} -> 0 | W28: {=INDEX('Campaign Performance'!C:C, MATCH($A28,'Campaign Performance'!$A:$A, 0))} -> 0 | X28: {=INDEX('Campaign Performance'!D:D, MATCH($A28,'Campaign Performance'!$A:$A, 0))} -> 0 | Y28: {=INDEX('Campaign Performance'!E:E, MATCH($A28,'Campaign Performance'!$A:$A, 0))} -> 0 | Z28: {=INDEX('Campaign Performance'!F:F, MATCH($A28,'Campaign Performance'!$A:$A, 0))} -> 0 | AA28: {=INDEX('Campaign Performance'!G:G, MATCH($A28,'Campaign Performance'!$A:$A, 0))} -> 0 | AB28: {=INDEX('Campaign Performance'!H:H, MATCH($A28,'Campaign Performance'!$A:$A, 0))} -> 0 | AC28: =YEAR(TODAY()) - B28 -> 49 | AD28: =DATEDIF(I28,today(),"Y") -> 12 | AE28: =sum(J28:O28) -> 1590.5247 | AF28: =sum(V28:Z28) -> 0 | AG28: =if(G28+H28 =0,"No kids",if(G28+H28 = 1,"Small family","Large family")) -> Large family | AH28: =if(E28< 30000, "Low income", if(E28 < 50000, "Mid income", "High income")) -> High income | AI28: =if(AB28 = 1, "Yes" , "No") -> No | AJ28: =if(AF28 = 0, "No Acceptance", if(AF28 = 1, "Low Acceptance", if(AF28 = 2,"Mid Acceptance","High Acceptance"))) -> No Acceptance | AK28: =IF(AH28 = "Low income", 1, if(AH28="Mid income", 2, 3)) -> 3 | AL28: =(AE28-min(AE:AE)) / (MAX(AE:AE)-min(AE:AE)) -> 0.080612218 | AM28: =(max(U:U) -U28)/max(U:U) -> 0.95959596 | AN28: =(Q28-min(Q:Q)) / (max(Q:Q)-min(Q:Q)) -> 0.18518519 | AO28: =(R28-min(R:R))/(max(R:R)-min(R:R)) -> 0.035714286 | AP28: =(AF28-min(AF:AF))/max(AF:AF)-min(AF:AF) -> 0 | AQ28: =(AK28-min(AK:AK))/(max(AK:AK)-min(AK:AK)) -> 1 | AR28: =0.3*AM28+0.25*AL28+0.15*AN28+0.1*AO28+0.1*AQ28+0.1*AP28 -> 0.43938105 | AS28: =RANK(AR28,AR:AR,FALSE) -> 191 | AT28: =(max(AS:AS)-AS28)/(max(AS:AS)-min(AS:AS)) -> 0.91514069 | AU28: =if(AT28<0.5,"Low", if(and(AT28>=0.5,AT28<0.74),"Mid","High")) -> High
A29: 5255 | B29: 1986 | C29: Graduation | D29: Single | F29: =if(ISBLANK(E:E),MEDIAN(E:E), E:E) -> 51381.5 | G29: 0 | H29: 0 | I29: 2013-02-20 | J29: {=INDEX('Purchase Behaviour'!B:B,MATCH(A29,'Purchase Behaviour'!A:A, 0))} | K29: {=INDEX('Purchase Behaviour'!C:C, MATCH(A29,'Purchase Behaviour'!A:A, 0))} | L29: {=INDEX('Purchase Behaviour'!D:D, MATCH($A29,'Purchase Behaviour'!$A:$A, 0))} | M29: {=INDEX('Purchase Behaviour'!E:E, MATCH($A29,'Purchase Behaviour'!$A:$A, 0))} | N29: {=INDEX('Purchase Behaviour'!F:F, MATCH($A29,'Purchase Behaviour'!$A:$A, 0))} | O29: {=INDEX('Purchase Behaviour'!G:G, MATCH($A29,'Purchase Behaviour'!$A:$A, 0))} | P29: {=INDEX('Purchase Behaviour'!H:H, MATCH($A29,'Purchase Behaviour'!$A:$A, 0))} -> 0 | Q29: {=INDEX('Purchase Behaviour'!I:I, MATCH($A29,'Purchase Behaviour'!$A:$A, 0))} -> 27 | R29: {=INDEX('Purchase Behaviour'!J:J, MATCH($A29,'Purchase Behaviour'!$A:$A, 0))} -> 0 | S29: {=INDEX('Purchase Behaviour'!K:K, MATCH($A29,'Purchase Behaviour'!$A:$A, 0))} -> 0 | T29: {=INDEX('Purchase Behaviour'!L:L, MATCH($A29,'Purchase Behaviour'!$A:$A, 0))} -> 1 | U29: {=INDEX('Purchase Behaviour'!M:M, MATCH($A29,'Purchase Behaviour'!$A:$A, 0))} -> 19 | V29: {=INDEX('Campaign Performance'!B:B, MATCH(A29,'Campaign Performance'!A:A, 0))} -> 0 | W29: {=INDEX('Campaign Performance'!C:C, MATCH($A29,'Campaign Performance'!$A:$A, 0))} -> 0 | X29: {=INDEX('Campaign Performance'!D:D, MATCH($A29,'Campaign Performance'!$A:$A, 0))} -> 0 | Y29: {=INDEX('Campaign Performance'!E:E, MATCH($A29,'Campaign Performance'!$A:$A, 0))} -> 0 | Z29: {=INDEX('Campaign Performance'!F:F, MATCH($A29,'Campaign Performance'!$A:$A, 0))} -> 0 | AA29: {=INDEX('Campaign Performance'!G:G, MATCH($A29,'Campaign Performance'!$A:$A, 0))} -> 0 | AB29: {=INDEX('Campaign Performance'!H:H, MATCH($A29,'Campaign Performance'!$A:$A, 0))} -> 0 | AC29: =YEAR(TODAY()) - B29 -> 39 | AD29: =DATEDIF(I29,today(),"Y") -> 12 | AE29: =sum(J29:O29) -> 0 | AF29: =sum(V29:Z29) -> 0 | AG29: =if(G29+H29 =0,"No kids",if(G29+H29 = 1,"Small family","Large family")) -> No kids | AH29: =if(E29< 30000, "Low income", if(E29 < 50000, "Mid income", "High income")) -> Low income | AI29: =if(AB29 = 1, "Yes" , "No") -> No | AJ29: =if(AF29 = 0, "No Acceptance", if(AF29 = 1, "Low Acceptance", if(AF29 = 2,"Mid Acceptance","High Acceptance"))) -> No Acceptance | AK29: =IF(AH29 = "Low income", 1, if(AH29="Mid income", 2, 3)) -> 1 | AL29: =(AE29-min(AE:AE)) / (MAX(AE:AE)-min(AE:AE)) -> 0 | AM29: =(max(U:U) -U29)/max(U:U) -> 0.80808081 | AN29: =(Q29-min(Q:Q)) / (max(Q:Q)-min(Q:Q)) -> 1 | AO29: =(R29-min(R:R))/(max(R:R)-min(R:R)) -> 0 | AP29: =(AF29-min(AF:AF))/max(AF:AF)-min(AF:AF) -> 0 | AQ29: =(AK29-min(AK:AK))/(max(AK:AK)-min(AK:AK)) -> 0 | AR29: =0.3*AM29+0.25*AL29+0.15*AN29+0.1*AO29+0.1*AQ29+0.1*AP29 -> 0.39242424 | AS29: =RANK(AR29,AR:AR,FALSE) -> 372 | AT29: =(max(AS:AS)-AS29)/(max(AS:AS)-min(AS:AS)) -> 0.83430103 | AU29: =if(AT29<0.5,"Low", if(and(AT29>=0.5,AT29<0.74),"Mid","High")) -> High
A30: 9422 | B30: 1989 | C30: Graduation | D30: Married | E30: 38360 | F30: =if(ISBLANK(E:E),MEDIAN(E:E), E:E) -> 38360 | G30: 0 | H30: 0 | I30: 2013-05-31 | J30: {=INDEX('Purchase Behaviour'!B:B,MATCH(A30,'Purchase Behaviour'!A:A, 0))} -> 175.94216 | K30: {=INDEX('Purchase Behaviour'!C:C, MATCH(A30,'Purchase Behaviour'!A:A, 0))} -> 102.18572 | L30: {=INDEX('Purchase Behaviour'!D:D, MATCH($A30,'Purchase Behaviour'!$A:$A, 0))} -> 48.568204 | M30: {=INDEX('Purchase Behaviour'!E:E, MATCH($A30,'Purchase Behaviour'!$A:$A, 0))} -> 153.08505 | N30: {=INDEX('Purchase Behaviour'!F:F, MATCH($A30,'Purchase Behaviour'!$A:$A, 0))} -> 31.989347 | O30: {=INDEX('Purchase Behaviour'!G:G, MATCH($A30,'Purchase Behaviour'!$A:$A, 0))} -> 213.71419 | P30: {=INDEX('Purchase Behaviour'!H:H, MATCH($A30,'Purchase Behaviour'!$A:$A, 0))} -> 2 | Q30: {=INDEX('Purchase Behaviour'!I:I, MATCH($A30,'Purchase Behaviour'!$A:$A, 0))} -> 2 | R30: {=INDEX('Purchase Behaviour'!J:J, MATCH($A30,'Purchase Behaviour'!$A:$A, 0))} -> 1 | S30: {=INDEX('Purchase Behaviour'!K:K, MATCH($A30,'Purchase Behaviour'!$A:$A, 0))} -> 4 | T30: {=INDEX('Purchase Behaviour'!L:L, MATCH($A30,'Purchase Behaviour'!$A:$A, 0))} -> 3 | U30: {=INDEX('Purchase Behaviour'!M:M, MATCH($A30,'Purchase Behaviour'!$A:$A, 0))} -> 26 | V30: {=INDEX('Campaign Performance'!B:B, MATCH(A30,'Campaign Performance'!A:A, 0))} -> 0 | W30: {=INDEX('Campaign Performance'!C:C, MATCH($A30,'Campaign Performance'!$A:$A, 0))} -> 0 | X30: {=INDEX('Campaign Performance'!D:D, MATCH($A30,'Campaign Performance'!$A:$A, 0))} -> 0 | Y30: {=INDEX('Campaign Performance'!E:E, MATCH($A30,'Campaign Performance'!$A:$A, 0))} -> 0 | Z30: {=INDEX('Campaign Performance'!F:F, MATCH($A30,'Campaign Performance'!$A:$A, 0))} -> 0 | AA30: {=INDEX('Campaign Performance'!G:G, MATCH($A30,'Campaign Performance'!$A:$A, 0))} -> 0 | AB30: {=INDEX('Campaign Performance'!H:H, MATCH($A30,'Campaign Performance'!$A:$A, 0))} -> 0 | AC30: =YEAR(TODAY()) - B30 -> 36 | AD30: =DATEDIF(I30,today(),"Y") -> 12 | AE30: =sum(J30:O30) -> 725.48467 | AF30: =sum(V30:Z30) -> 0 | AG30: =if(G30+H30 =0,"No kids",if(G30+H30 = 1,"Small family","Large family")) -> No kids | AH30: =if(E30< 30000, "Low income", if(E30 < 50000, "Mid income", "High income")) -> Mid income | AI30: =if(AB30 = 1, "Yes" , "No") -> No | AJ30: =if(AF30 = 0, "No Acceptance", if(AF30 = 1, "Low Acceptance", if(AF30 = 2,"Mid Acceptance","High Acceptance"))) -> No Acceptance | AK30: =IF(AH30 = "Low income", 1, if(AH30="Mid income", 2, 3)) -> 2 | AL30: =(AE30-min(AE:AE)) / (MAX(AE:AE)-min(AE:AE)) -> 0.036769582 | AM30: =(max(U:U) -U30)/max(U:U) -> 0.73737374 | AN30: =(Q30-min(Q:Q)) / (max(Q:Q)-min(Q:Q)) -> 0.074074074 | AO30: =(R30-min(R:R))/(max(R:R)-min(R:R)) -> 0.035714286 | AP30: =(AF30-min(AF:AF))/max(AF:AF)-min(AF:AF) -> 0 | AQ30: =(AK30-min(AK:AK))/(max(AK:AK)-min(AK:AK)) -> 0.5 | AR30: =0.3*AM30+0.25*AL30+0.15*AN30+0.1*AO30+0.1*AQ30+0.1*AP30 -> 0.29508706 | AS30: =RANK(AR30,AR:AR,FALSE) -> 992 | AT30: =(max(AS:AS)-AS30)/(max(AS:AS)-min(AS:AS)) -> 0.55739169 | AU30: =if(AT30<0.5,"Low", if(and(AT30>=0.5,AT30<0.74),"Mid","High")) -> Mid
A31: 1966 | B31: 1965 | C31: PhD | D31: Married | E31: 84618 | F31: =if(ISBLANK(E:E),MEDIAN(E:E), E:E) -> 84618 | G31: 0 | H31: 1 | I31: 2013-11-22 | J31: {=INDEX('Purchase Behaviour'!B:B,MATCH(A31,'Purchase Behaviour'!A:A, 0))} -> 355.29225 | K31: {=INDEX('Purchase Behaviour'!C:C, MATCH(A31,'Purchase Behaviour'!A:A, 0))} -> 234.72407 | L31: {=INDEX('Purchase Behaviour'!D:D, MATCH($A31,'Purchase Behaviour'!$A:$A, 0))} -> 421.84888 | M31: {=INDEX('Purchase Behaviour'!E:E, MATCH($A31,'Purchase Behaviour'!$A:$A, 0))} -> 309.19088 | N31: {=INDEX('Purchase Behaviour'!F:F, MATCH($A31,'Purchase Behaviour'!$A:$A, 0))} -> 463.29715 | O31: {=INDEX('Purchase Behaviour'!G:G, MATCH($A31,'Purchase Behaviour'!$A:$A, 0))} -> 496.57606 | P31: {=INDEX('Purchase Behaviour'!H:H, MATCH($A31,'Purchase Behaviour'!$A:$A, 0))} -> 1 | Q31: {=INDEX('Purchase Behaviour'!I:I, MATCH($A31,'Purchase Behaviour'!$A:$A, 0))} -> 6 | R31: {=INDEX('Purchase Behaviour'!J:J, MATCH($A31,'Purchase Behaviour'!$A:$A, 0))} -> 9 | S31: {=INDEX('Purchase Behaviour'!K:K, MATCH($A31,'Purchase Behaviour'!$A:$A, 0))} -> 10 | T31: {=INDEX('Purchase Behaviour'!L:L, MATCH($A31,'Purchase Behaviour'!$A:$A, 0))} -> 2 | U31: {=INDEX('Purchase Behaviour'!M:M, MATCH($A31,'Purchase Behaviour'!$A:$A, 0))} -> 96 | V31: {=INDEX('Campaign Performance'!B:B, MATCH(A31,'Campaign Performance'!A:A, 0))} -> 0 | W31: {=INDEX('Campaign Performance'!C:C, MATCH($A31,'Campaign Performance'!$A:$A, 0))} -> 0 | X31: {=INDEX('Campaign Performance'!D:D, MATCH($A31,'Campaign Performance'!$A:$A, 0))} -> 1 | Y31: {=INDEX('Campaign Performance'!E:E, MATCH($A31,'Campaign Performance'!$A:$A, 0))} -> 0 | Z31: {=INDEX('Campaign Performance'!F:F, MATCH($A31,'Campaign Performance'!$A:$A, 0))} -> 0 | AA31: {=INDEX('Campaign Performance'!G:G, MATCH($A31,'Campaign Performance'!$A:$A, 0))} -> 1 | AB31: {=INDEX('Campaign Performance'!H:H, MATCH($A31,'Campaign Performance'!$A:$A, 0))} -> 0 | AC31: =YEAR(TODAY()) - B31 -> 60 | AD31: =DATEDIF(I31,today(),"Y") -> 11 | AE31: =sum(J31:O31) -> 2280.9293 | AF31: =sum(V31:Z31) -> 1 | AG31: =if(G31+H31 =0,"No kids",if(G31+H31 = 1,"Small family","Large family")) -> Small family | AH31: =if(E31< 30000, "Low income", if(E31 < 50000, "Mid income", "High income")) -> High income | AI31: =if(AB31 = 1, "Yes" , "No") -> No | AJ31: =if(AF31 = 0, "No Acceptance", if(AF31 = 1, "Low Acceptance", if(AF31 = 2,"Mid Acceptance","High Acceptance"))) -> Low Acceptance | AK31: =IF(AH31 = "Low income", 1, if(AH31="Mid income", 2, 3)) -> 3 | AL31: =(AE31-min(AE:AE)) / (MAX(AE:AE)-min(AE:AE)) -> 0.11560384 | AM31: =(max(U:U) -U31)/max(U:U) -> 0.03030303 | AN31: =(Q31-min(Q:Q)) / (max(Q:Q)-min(Q:Q)) -> 0.22222222 | AO31: =(R31-min(R:R))/(max(R:R)-min(R:R)) -> 0.32142857 | AP31: =(AF31-min(AF:AF))/max(AF:AF)-min(AF:AF) -> 0.25 | AQ31: =(AK31-min(AK:AK))/(max(AK:AK)-min(AK:AK)) -> 1 | AR31: =0.3*AM31+0.25*AL31+0.15*AN31+0.1*AO31+0.1*AQ31+0.1*AP31 -> 0.22846806 | AS31: =RANK(AR31,AR:AR,FALSE) -> 1462 | AT31: =(max(AS:AS)-AS31)/(max(AS:AS)-min(AS:AS)) -> 0.34747655 | AU31: =if(AT31<0.5,"Low", if(and(AT31>=0.5,AT31<0.74),"Mid","High")) -> Low
A32: 6864 | B32: 1989 | C32: Master | D32: Divorced | E32: 10979 | F32: =if(ISBLANK(E:E),MEDIAN(E:E), E:E) -> 10979 | G32: 2 | H32: 0 | I32: 2014-05-22 | J32: {=INDEX('Purchase Behaviour'!B:B,MATCH(A32,'Purchase Behaviour'!A:A, 0))} -> 40.735445 | K32: {=INDEX('Purchase Behaviour'!C:C, MATCH(A32,'Purchase Behaviour'!A:A, 0))} -> 48.544969 | L32: {=INDEX('Purchase Behaviour'!D:D, MATCH($A32,'Purchase Behaviour'!$A:$A, 0))} -> 56.146441 | M32: {=INDEX('Purchase Behaviour'!E:E, MATCH($A32,'Purchase Behaviour'!$A:$A, 0))} -> 28.880307 | N32: {=INDEX('Purchase Behaviour'!F:F, MATCH($A32,'Purchase Behaviour'!$A:$A, 0))} -> 56.144958 | O32: {=INDEX('Purchase Behaviour'!G:G, MATCH($A32,'Purchase Behaviour'!$A:$A, 0))} -> 28.477244 | P32: {=INDEX('Purchase Behaviour'!H:H, MATCH($A32,'Purchase Behaviour'!$A:$A, 0))} -> 2 | Q32: {=INDEX('Purchase Behaviour'!I:I, MATCH($A32,'Purchase Behaviour'!$A:$A, 0))} -> 3 | R32: {=INDEX('Purchase Behaviour'!J:J, MATCH($A32,'Purchase Behaviour'!$A:$A, 0))} -> 0 | S32: {=INDEX('Purchase Behaviour'!K:K, MATCH($A32,'Purchase Behaviour'!$A:$A, 0))} -> 3 | T32: {=INDEX('Purchase Behaviour'!L:L, MATCH($A32,'Purchase Behaviour'!$A:$A, 0))} -> 5 | U32: {=INDEX('Purchase Behaviour'!M:M, MATCH($A32,'Purchase Behaviour'!$A:$A, 0))} -> 34 | V32: {=INDEX('Campaign Performance'!B:B, MATCH(A32,'Campaign Performance'!A:A, 0))} -> 0 | W32: {=INDEX('Campaign Performance'!C:C, MATCH($A32,'Campaign Performance'!$A:$A, 0))} -> 0 | X32: {=INDEX('Campaign Performance'!D:D, MATCH($A32,'Campaign Performance'!$A:$A, 0))} -> 0 | Y32: {=INDEX('Campaign Performance'!E:E, MATCH($A32,'Campaign Performance'!$A:$A, 0))} -> 0 | Z32: {=INDEX('Campaign Performance'!F:F, MATCH($A32,'Campaign Performance'!$A:$A, 0))} -> 0 | AA32: {=INDEX('Campaign Performance'!G:G, MATCH($A32,'Campaign Performance'!$A:$A, 0))} -> 0 | AB32: {=INDEX('Campaign Performance'!H:H, MATCH($A32,'Campaign Performance'!$A:$A, 0))} -> 0 | AC32: =YEAR(TODAY()) - B32 -> 36 | AD32: =DATEDIF(I32,today(),"Y") -> 11 | AE32: =sum(J32:O32) -> 258.92936 | AF32: =sum(V32:Z32) -> 0 | AG32: =if(G32+H32 =0,"No kids",if(G32+H32 = 1,"Small family","Large family")) -> Large family | AH32: =if(E32< 30000, "Low income", if(E32 < 50000, "Mid income", "High income")) -> Low income | AI32: =if(AB32 = 1, "Yes" , "No") -> No | AJ32: =if(AF32 = 0, "No Acceptance", if(AF32 = 1, "Low Acceptance", if(AF32 = 2,"Mid Acceptance","High Acceptance"))) -> No Acceptance | AK32: =IF(AH32 = "Low income", 1, if(AH32="Mid income", 2, 3)) -> 1 | AL32: =(AE32-min(AE:AE)) / (MAX(AE:AE)-min(AE:AE)) -> 0.013123261 | AM32: =(max(U:U) -U32)/max(U:U) -> 0.65656566 | AN32: =(Q32-min(Q:Q)) / (max(Q:Q)-min(Q:Q)) -> 0.11111111 | AO32: =(R32-min(R:R))/(max(R:R)-min(R:R)) -> 0 | AP32: =(AF32-min(AF:AF))/max(AF:AF)-min(AF:AF) -> 0 | AQ32: =(AK32-min(AK:AK))/(max(AK:AK)-min(AK:AK)) -> 0 | AR32: =0.3*AM32+0.25*AL32+0.15*AN32+0.1*AO32+0.1*AQ32+0.1*AP32 -> 0.21691718 | AS32: =RANK(AR32,AR:AR,FALSE) -> 1539 | AT32: =(max(AS:AS)-AS32)/(max(AS:AS)-min(AS:AS)) -> 0.3130862 | AU32: =if(AT32<0.5,"Low", if(and(AT32>=0.5,AT32<0.74),"Mid","High")) -> Low
A33: 3033 | B33: 1963 | C33: Master | D33: Together | E33: 38620 | F33: =if(ISBLANK(E:E),MEDIAN(E:E), E:E) -> 38620 | G33: 0 | H33: 0 | I33: 2013-05-11 | J33: {=INDEX('Purchase Behaviour'!B:B,MATCH(A33,'Purchase Behaviour'!A:A, 0))} -> 218.24764 | K33: {=INDEX('Purchase Behaviour'!C:C, MATCH(A33,'Purchase Behaviour'!A:A, 0))} -> 159.06135 | L33: {=INDEX('Purchase Behaviour'!D:D, MATCH($A33,'Purchase Behaviour'!$A:$A, 0))} -> 99.845589 | M33: {=INDEX('Purchase Behaviour'!E:E, MATCH($A33,'Purchase Behaviour'!$A:$A, 0))} -> 150.49813 | N33: {=INDEX('Purchase Behaviour'!F:F, MATCH($A33,'Purchase Behaviour'!$A:$A, 0))} -> 152.99945 | O33: {=INDEX('Purchase Behaviour'!G:G, MATCH($A33,'Purchase Behaviour'!$A:$A, 0))} -> 247.98055 | P33: {=INDEX('Purchase Behaviour'!H:H, MATCH($A33,'Purchase Behaviour'!$A:$A, 0))} -> 1 | Q33: {=INDEX('Purchase Behaviour'!I:I, MATCH($A33,'Purchase Behaviour'!$A:$A, 0))} -> 2 | R33: {=INDEX('Purchase Behaviour'!J:J, MATCH($A33,'Purchase Behaviour'!$A:$A, 0))} -> 5 | S33: {=INDEX('Purchase Behaviour'!K:K, MATCH($A33,'Purchase Behaviour'!$A:$A, 0))} -> 3 | T33: {=INDEX('Purchase Behaviour'!L:L, MATCH($A33,'Purchase Behaviour'!$A:$A, 0))} -> 3 | U33: {=INDEX('Purchase Behaviour'!M:M, MATCH($A33,'Purchase Behaviour'!$A:$A, 0))} -> 56 | V33: {=INDEX('Campaign Performance'!B:B, MATCH(A33,'Campaign Performance'!A:A, 0))} -> 0 | W33: {=INDEX('Campaign Performance'!C:C, MATCH($A33,'Campaign Performance'!$A:$A, 0))} -> 0 | X33: {=INDEX('Campaign Performance'!D:D, MATCH($A33,'Campaign Performance'!$A:$A, 0))} -> 0 | Y33: {=INDEX('Campaign Performance'!E:E, MATCH($A33,'Campaign Performance'!$A:$A, 0))} -> 0 | Z33: {=INDEX('Campaign Performance'!F:F, MATCH($A33,'Campaign Performance'!$A:$A, 0))} -> 0 | AA33: {=INDEX('Campaign Performance'!G:G, MATCH($A33,'Campaign Performance'!$A:$A, 0))} -> 0 | AB33: {=INDEX('Campaign Performance'!H:H, MATCH($A33,'Campaign Performance'!$A:$A, 0))} -> 0 | AC33: =YEAR(TODAY()) - B33 -> 62 | AD33: =DATEDIF(I33,today(),"Y") -> 12 | AE33: =sum(J33:O33) -> 1028.6327 | AF33: =sum(V33:Z33) -> 0 | AG33: =if(G33+H33 =0,"No kids",if(G33+H33 = 1,"Small family","Large family")) -> No kids | AH33: =if(E33< 30000, "Low income", if(E33 < 50000, "Mid income", "High income")) -> Mid income | AI33: =if(AB33 = 1, "Yes" , "No") -> No | AJ33: =if(AF33 = 0, "No Acceptance", if(AF33 = 1, "Low Acceptance", if(AF33 = 2,"Mid Acceptance","High Acceptance"))) -> No Acceptance | AK33: =IF(AH33 = "Low income", 1, if(AH33="Mid income", 2, 3)) -> 2 | AL33: =(AE33-min(AE:AE)) / (MAX(AE:AE)-min(AE:AE)) -> 0.052133968 | AM33: =(max(U:U) -U33)/max(U:U) -> 0.43434343 | AN33: =(Q33-min(Q:Q)) / (max(Q:Q)-min(Q:Q)) -> 0.074074074 | AO33: =(R33-min(R:R))/(max(R:R)-min(R:R)) -> 0.17857143 | AP33: =(AF33-min(AF:AF))/max(AF:AF)-min(AF:AF) -> 0 | AQ33: =(AK33-min(AK:AK))/(max(AK:AK)-min(AK:AK)) -> 0.5 | AR33: =0.3*AM33+0.25*AL33+0.15*AN33+0.1*AO33+0.1*AQ33+0.1*AP33 -> 0.22230478 | AS33: =RANK(AR33,AR:AR,FALSE) -> 1499 | AT33: =(max(AS:AS)-AS33)/(max(AS:AS)-min(AS:AS)) -> 0.33095132 | AU33: =if(AT33<0.5,"Low", if(and(AT33>=0.5,AT33<0.74),"Mid","High")) -> Low
A34: 5710 | B34: 1970 | C34: Graduation | D34: Together | E34: 40548 | F34: =if(ISBLANK(E:E),MEDIAN(E:E), E:E) -> 40548 | G34: 0 | H34: 0 | I34: 2012-10-10 | J34: {=INDEX('Purchase Behaviour'!B:B,MATCH(A34,'Purchase Behaviour'!A:A, 0))} -> 204.77963 | K34: {=INDEX('Purchase Behaviour'!C:C, MATCH(A34,'Purchase Behaviour'!A:A, 0))} -> 134.64802 | L34: {=INDEX('Purchase Behaviour'!D:D, MATCH($A34,'Purchase Behaviour'!$A:$A, 0))} -> 296.40425 | M34: {=INDEX('Purchase Behaviour'!E:E, MATCH($A34,'Purchase Behaviour'!$A:$A, 0))} -> 232.91626 | N34: {=INDEX('Purchase Behaviour'!F:F, MATCH($A34,'Purchase Behaviour'!$A:$A, 0))} -> 173.13875 | O34: {=INDEX('Purchase Behaviour'!G:G, MATCH($A34,'Purchase Behaviour'!$A:$A, 0))} -> 97.547917 | P34: {=INDEX('Purchase Behaviour'!H:H, MATCH($A34,'Purchase Behaviour'!$A:$A, 0))} -> 2 | Q34: {=INDEX('Purchase Behaviour'!I:I, MATCH($A34,'Purchase Behaviour'!$A:$A, 0))} -> 2 | R34: {=INDEX('Purchase Behaviour'!J:J, MATCH($A34,'Purchase Behaviour'!$A:$A, 0))} -> 1 | S34: {=INDEX('Purchase Behaviour'!K:K, MATCH($A34,'Purchase Behaviour'!$A:$A, 0))} -> 4 | T34: {=INDEX('Purchase Behaviour'!L:L, MATCH($A34,'Purchase Behaviour'!$A:$A, 0))} -> 5 | U34: {=INDEX('Purchase Behaviour'!M:M, MATCH($A34,'Purchase Behaviour'!$A:$A, 0))} -> 31 | V34: {=INDEX('Campaign Performance'!B:B, MATCH(A34,'Campaign Performance'!A:A, 0))} -> 0 | W34: {=INDEX('Campaign Performance'!C:C, MATCH($A34,'Campaign Performance'!$A:$A, 0))} -> 1 | X34: {=INDEX('Campaign Performance'!D:D, MATCH($A34,'Campaign Performance'!$A:$A, 0))} -> 0 | Y34: {=INDEX('Campaign Performance'!E:E, MATCH($A34,'Campaign Performance'!$A:$A, 0))} -> 0 | Z34: {=INDEX('Campaign Performance'!F:F, MATCH($A34,'Campaign Performance'!$A:$A, 0))} -> 0 | AA34: {=INDEX('Campaign Performance'!G:G, MATCH($A34,'Campaign Performance'!$A:$A, 0))} -> 0 | AB34: {=INDEX('Campaign Performance'!H:H, MATCH($A34,'Campaign Performance'!$A:$A, 0))} -> 0 | AC34: =YEAR(TODAY()) - B34 -> 55 | AD34: =DATEDIF(I34,today(),"Y") -> 13 | AE34: =sum(J34:O34) -> 1139.4348 | AF34: =sum(V34:Z34) -> 1 | AG34: =if(G34+H34 =0,"No kids",if(G34+H34 = 1,"Small family","Large family")) -> No kids | AH34: =if(E34< 30000, "Low income", if(E34 < 50000, "Mid income", "High income")) -> Mid income | AI34: =if(AB34 = 1, "Yes" , "No") -> No | AJ34: =if(AF34 = 0, "No Acceptance", if(AF34 = 1, "Low Acceptance", if(AF34 = 2,"Mid Acceptance","High Acceptance"))) -> Low Acceptance | AK34: =IF(AH34 = "Low income", 1, if(AH34="Mid income", 2, 3)) -> 2 | AL34: =(AE34-min(AE:AE)) / (MAX(AE:AE)-min(AE:AE)) -> 0.057749728 | AM34: =(max(U:U) -U34)/max(U:U) -> 0.68686869 | AN34: =(Q34-min(Q:Q)) / (max(Q:Q)-min(Q:Q)) -> 0.074074074 | AO34: =(R34-min(R:R))/(max(R:R)-min(R:R)) -> 0.035714286 | AP34: =(AF34-min(AF:AF))/max(AF:AF)-min(AF:AF) -> 0.25 | AQ34: =(AK34-min(AK:AK))/(max(AK:AK)-min(AK:AK)) -> 0.5 | AR34: =0.3*AM34+0.25*AL34+0.15*AN34+0.1*AO34+0.1*AQ34+0.1*AP34 -> 0.31018058 | AS34: =RANK(AR34,AR:AR,FALSE) -> 874 | AT34: =(max(AS:AS)-AS34)/(max(AS:AS)-min(AS:AS)) -> 0.61009379 | AU34: =if(AT34<0.5,"Low", if(and(AT34>=0.5,AT34<0.74),"Mid","High")) -> Mid
A35: 7373 | B35: 1960 | C35: PhD | D35: Divorced | E35: 46610 | F35: =if(ISBLANK(E:E),MEDIAN(E:E), E:E) -> 46610 | G35: 0 | H35: 0 | I35: 2012-10-29 | J35: {=INDEX('Purchase Behaviour'!B:B,MATCH(A35,'Purchase Behaviour'!A:A, 0))} -> 192.72354 | K35: {=INDEX('Purchase Behaviour'!C:C, MATCH(A35,'Purchase Behaviour'!A:A, 0))} -> 207.28843 | L35: {=INDEX('Purchase Behaviour'!D:D, MATCH($A35,'Purchase Behaviour'!$A:$A, 0))} -> 249.36331 | M35: {=INDEX('Purchase Behaviour'!E:E, MATCH($A35,'Purchase Behaviour'!$A:$A, 0))} -> 266.36498 | N35: {=INDEX('Purchase Behaviour'!F:F, MATCH($A35,'Purchase Behaviour'!$A:$A, 0))} -> 280.59052 | O35: {=INDEX('Purchase Behaviour'!G:G, MATCH($A35,'Purchase Behaviour'!$A:$A, 0))} -> 108.01832 | P35: {=INDEX('Purchase Behaviour'!H:H, MATCH($A35,'Purchase Behaviour'!$A:$A, 0))} -> 6 | Q35: {=INDEX('Purchase Behaviour'!I:I, MATCH($A35,'Purchase Behaviour'!$A:$A, 0))} -> 4 | R35: {=INDEX('Purchase Behaviour'!J:J, MATCH($A35,'Purchase Behaviour'!$A:$A, 0))} -> 1 | S35: {=INDEX('Purchase Behaviour'!K:K, MATCH($A35,'Purchase Behaviour'!$A:$A, 0))} -> 6 | T35: {=INDEX('Purchase Behaviour'!L:L, MATCH($A35,'Purchase Behaviour'!$A:$A, 0))} -> 6 | U35: {=INDEX('Purchase Behaviour'!M:M, MATCH($A35,'Purchase Behaviour'!$A:$A, 0))} -> 8 | V35: {=INDEX('Campaign Performance'!B:B, MATCH(A35,'Campaign Performance'!A:A, 0))} -> 0 | W35: {=INDEX('Campaign Performance'!C:C, MATCH($A35,'Campaign Performance'!$A:$A, 0))} -> 0 | X35: {=INDEX('Campaign Performance'!D:D, MATCH($A35,'Campaign Performance'!$A:$A, 0))} -> 0 | Y35: {=INDEX('Campaign Performance'!E:E, MATCH($A35,'Campaign Performance'!$A:$A, 0))} -> 0 | Z35: {=INDEX('Campaign Performance'!F:F, MATCH($A35,'Campaign Performance'!$A:$A, 0))} -> 0 | AA35: {=INDEX('Campaign Performance'!G:G, MATCH($A35,'Campaign Performance'!$A:$A, 0))} -> 0 | AB35: {=INDEX('Campaign Performance'!H:H, MATCH($A35,'Campaign Performance'!$A:$A, 0))} -> 1 | AC35: =YEAR(TODAY()) - B35 -> 65 | AD35: =DATEDIF(I35,today(),"Y") -> 13 | AE35: =sum(J35:O35) -> 1304.3491 | AF35: =sum(V35:Z35) -> 0 | AG35: =if(G35+H35 =0,"No kids",if(G35+H35 = 1,"Small family","Large family")) -> No kids | AH35: =if(E35< 30000, "Low income", if(E35 < 50000, "Mid income", "High income")) -> Mid income | AI35: =if(AB35 = 1, "Yes" , "No") -> Yes | AJ35: =if(AF35 = 0, "No Acceptance", if(AF35 = 1, "Low Acceptance", if(AF35 = 2,"Mid Acceptance","High Acceptance"))) -> No Acceptance | AK35: =IF(AH35 = "Low income", 1, if(AH35="Mid income", 2, 3)) -> 2 | AL35: =(AE35-min(AE:AE)) / (MAX(AE:AE)-min(AE:AE)) -> 0.066108043 | AM35: =(max(U:U) -U35)/max(U:U) -> 0.91919192 | AN35: =(Q35-min(Q:Q)) / (max(Q:Q)-min(Q:Q)) -> 0.14814815 | AO35: =(R35-min(R:R))/(max(R:R)-min(R:R)) -> 0.035714286 | AP35: =(AF35-min(AF:AF))/max(AF:AF)-min(AF:AF) -> 0 | AQ35: =(AK35-min(AK:AK))/(max(AK:AK)-min(AK:AK)) -> 0.5 | AR35: =0.3*AM35+0.25*AL35+0.15*AN35+0.1*AO35+0.1*AQ35+0.1*AP35 -> 0.36807824 | AS35: =RANK(AR35,AR:AR,FALSE) -> 484 | AT35: =(max(AS:AS)-AS35)/(max(AS:AS)-min(AS:AS)) -> 0.7842787 | AU35: =if(AT35<0.5,"Low", if(and(AT35>=0.5,AT35<0.74),"Mid","High")) -> High
A36: 8755 | B36: 1960 | C36: Master | D36: Married | E36: 68657 | F36: =if(ISBLANK(E:E),MEDIAN(E:E), E:E) -> 68657 | G36: 0 | H36: 0 | I36: 2013-02-20 | J36: {=INDEX('Purchase Behaviour'!B:B,MATCH(A36,'Purchase Behaviour'!A:A, 0))} -> 350.43901 | K36: {=INDEX('Purchase Behaviour'!C:C, MATCH(A36,'Purchase Behaviour'!A:A, 0))} -> 311.73985 | L36: {=INDEX('Purchase Behaviour'!D:D, MATCH($A36,'Purchase Behaviour'!$A:$A, 0))} -> 610.04551 | M36: {=INDEX('Purchase Behaviour'!E:E, MATCH($A36,'Purchase Behaviour'!$A:$A, 0))} -> 335.32076 | N36: {=INDEX('Purchase Behaviour'!F:F, MATCH($A36,'Purchase Behaviour'!$A:$A, 0))} -> 263.06245 | O36: {=INDEX('Purchase Behaviour'!G:G, MATCH($A36,'Purchase Behaviour'!$A:$A, 0))} -> 340.12234 | P36: {=INDEX('Purchase Behaviour'!H:H, MATCH($A36,'Purchase Behaviour'!$A:$A, 0))} -> 1 | Q36: {=INDEX('Purchase Behaviour'!I:I, MATCH($A36,'Purchase Behaviour'!$A:$A, 0))} -> 3 | R36: {=INDEX('Purchase Behaviour'!J:J, MATCH($A36,'Purchase Behaviour'!$A:$A, 0))} -> 5 | S36: {=INDEX('Purchase Behaviour'!K:K, MATCH($A36,'Purchase Behaviour'!$A:$A, 0))} -> 9 | T36: {=INDEX('Purchase Behaviour'!L:L, MATCH($A36,'Purchase Behaviour'!$A:$A, 0))} -> 7 | U36: {=INDEX('Purchase Behaviour'!M:M, MATCH($A36,'Purchase Behaviour'!$A:$A, 0))} -> 4 | V36: {=INDEX('Campaign Performance'!B:B, MATCH(A36,'Campaign Performance'!A:A, 0))} -> 0 | W36: {=INDEX('Campaign Performance'!C:C, MATCH($A36,'Campaign Performance'!$A:$A, 0))} -> 0 | X36: {=INDEX('Campaign Performance'!D:D, MATCH($A36,'Campaign Performance'!$A:$A, 0))} -> 0 | Y36: {=INDEX('Campaign Performance'!E:E, MATCH($A36,'Campaign Performance'!$A:$A, 0))} -> 0 | Z36: {=INDEX('Campaign Performance'!F:F, MATCH($A36,'Campaign Performance'!$A:$A, 0))} -> 0 | AA36: {=INDEX('Campaign Performance'!G:G, MATCH($A36,'Campaign Performance'!$A:$A, 0))} -> 0 | AB36: {=INDEX('Campaign Performance'!H:H, MATCH($A36,'Campaign Performance'!$A:$A, 0))} -> 0 | AC36: =YEAR(TODAY()) - B36 -> 65 | AD36: =DATEDIF(I36,today(),"Y") -> 12 | AE36: =sum(J36:O36) -> 2210.7299 | AF36: =sum(V36:Z36) -> 0 | AG36: =if(G36+H36 =0,"No kids",if(G36+H36 = 1,"Small family","Large family")) -> No kids | AH36: =if(E36< 30000, "Low income", if(E36 < 50000, "Mid income", "High income")) -> High income | AI36: =if(AB36 = 1, "Yes" , "No") -> No | AJ36: =if(AF36 = 0, "No Acceptance", if(AF36 = 1, "Low Acceptance", if(AF36 = 2,"Mid Acceptance","High Acceptance"))) -> No Acceptance | AK36: =IF(AH36 = "Low income", 1, if(AH36="Mid income", 2, 3)) -> 3 | AL36: =(AE36-min(AE:AE)) / (MAX(AE:AE)-min(AE:AE)) -> 0.11204594 | AM36: =(max(U:U) -U36)/max(U:U) -> 0.95959596 | AN36: =(Q36-min(Q:Q)) / (max(Q:Q)-min(Q:Q)) -> 0.11111111 | AO36: =(R36-min(R:R))/(max(R:R)-min(R:R)) -> 0.17857143 | AP36: =(AF36-min(AF:AF))/max(AF:AF)-min(AF:AF) -> 0 | AQ36: =(AK36-min(AK:AK))/(max(AK:AK)-min(AK:AK)) -> 1 | AR36: =0.3*AM36+0.25*AL36+0.15*AN36+0.1*AO36+0.1*AQ36+0.1*AP36 -> 0.45041408 | AS36: =RANK(AR36,AR:AR,FALSE) -> 153 | AT36: =(max(AS:AS)-AS36)/(max(AS:AS)-min(AS:AS)) -> 0.93211255 | AU36: =if(AT36<0.5,"Low", if(and(AT36>=0.5,AT36<0.74),"Mid","High")) -> High
A37: 10738 | B37: 1960 | C37: Master | D37: Single | E37: 49389 | F37: =if(ISBLANK(E:E),MEDIAN(E:E), E:E) -> 49389 | G37: 0 | H37: 0 | I37: 2013-08-29 | J37: {=INDEX('Purchase Behaviour'!B:B,MATCH(A37,'Purchase Behaviour'!A:A, 0))} -> 235.67547 | K37: {=INDEX('Purchase Behaviour'!C:C, MATCH(A37,'Purchase Behaviour'!A:A, 0))} -> 85.905323 | L37: {=INDEX('Purchase Behaviour'!D:D, MATCH($A37,'Purchase Behaviour'!$A:$A, 0))} -> 267.20085 | M37: {=INDEX('Purchase Behaviour'!E:E, MATCH($A37,'Purchase Behaviour'!$A:$A, 0))} -> 212.83795 | N37: {=INDEX('Purchase Behaviour'!F:F, MATCH($A37,'Purchase Behaviour'!$A:$A, 0))} -> 234.30495 | O37: {=INDEX('Purchase Behaviour'!G:G, MATCH($A37,'Purchase Behaviour'!$A:$A, 0))} -> 170.26113 | P37: {=INDEX('Purchase Behaviour'!H:H, MATCH($A37,'Purchase Behaviour'!$A:$A, 0))} -> 1 | Q37: {=INDEX('Purchase Behaviour'!I:I, MATCH($A37,'Purchase Behaviour'!$A:$A, 0))} -> 2 | R37: {=INDEX('Purchase Behaviour'!J:J, MATCH($A37,'Purchase Behaviour'!$A:$A, 0))} -> 0 | S37: {=INDEX('Purchase Behaviour'!K:K, MATCH($A37,'Purchase Behaviour'!$A:$A, 0))} -> 3 | T37: {=INDEX('Purchase Behaviour'!L:L, MATCH($A37,'Purchase Behaviour'!$A:$A, 0))} -> 7 | U37: {=INDEX('Purchase Behaviour'!M:M, MATCH($A37,'Purchase Behaviour'!$A:$A, 0))} -> 55 | V37: {=INDEX('Campaign Performance'!B:B, MATCH(A37,'Campaign Performance'!A:A, 0))} -> 0 | W37: {=INDEX('Campaign Performance'!C:C, MATCH($A37,'Campaign Performance'!$A:$A, 0))} -> 0 | X37: {=INDEX('Campaign Performance'!D:D, MATCH($A37,'Campaign Performance'!$A:$A, 0))} -> 0 | Y37: {=INDEX('Campaign Performance'!E:E, MATCH($A37,'Campaign Performance'!$A:$A, 0))} -> 0 | Z37: {=INDEX('Campaign Performance'!F:F, MATCH($A37,'Campaign Performance'!$A:$A, 0))} -> 0 | AA37: {=INDEX('Campaign Performance'!G:G, MATCH($A37,'Campaign Performance'!$A:$A, 0))} -> 0 | AB37: {=INDEX('Campaign Performance'!H:H, MATCH($A37,'Campaign Performance'!$A:$A, 0))} -> 0 | AC37: =YEAR(TODAY()) - B37 -> 65 | AD37: =DATEDIF(I37,today(),"Y") -> 12 | AE37: =sum(J37:O37) -> 1206.1857 | AF37: =sum(V37:Z37) -> 0 | AG37: =if(G37+H37 =0,"No kids",if(G37+H37 = 1,"Small family","Large family")) -> No kids | AH37: =if(E37< 30000, "Low income", if(E37 < 50000, "Mid income", "High income")) -> Mid income | AI37: =if(AB37 = 1, "Yes" , "No") -> No | AJ37: =if(AF37 = 0, "No Acceptance", if(AF37 = 1, "Low Acceptance", if(AF37 = 2,"Mid Acceptance","High Acceptance"))) -> No Acceptance | AK37: =IF(AH37 = "Low income", 1, if(AH37="Mid income", 2, 3)) -> 2 | AL37: =(AE37-min(AE:AE)) / (MAX(AE:AE)-min(AE:AE)) -> 0.061132847 | AM37: =(max(U:U) -U37)/max(U:U) -> 0.44444444 | AN37: =(Q37-min(Q:Q)) / (max(Q:Q)-min(Q:Q)) -> 0.074074074 | AO37: =(R37-min(R:R))/(max(R:R)-min(R:R)) -> 0 | AP37: =(AF37-min(AF:AF))/max(AF:AF)-min(AF:AF) -> 0 | AQ37: =(AK37-min(AK:AK))/(max(AK:AK)-min(AK:AK)) -> 0.5 | AR37: =0.3*AM37+0.25*AL37+0.15*AN37+0.1*AO37+0.1*AQ37+0.1*AP37 -> 0.20972766 | AS37: =RANK(AR37,AR:AR,FALSE) -> 1589 | AT37: =(max(AS:AS)-AS37)/(max(AS:AS)-min(AS:AS)) -> 0.2907548 | AU37: =if(AT37<0.5,"Low", if(and(AT37>=0.5,AT37<0.74),"Mid","High")) -> Low
A38: 4339 | B38: 1970 | C38: PhD | D38: Married | E38: 67353 | F38: =if(ISBLANK(E:E),MEDIAN(E:E), E:E) -> 67353 | G38: 0 | H38: 1 | I38: 2013-12-31 | J38: {=INDEX('Purchase Behaviour'!B:B,MATCH(A38,'Purchase Behaviour'!A:A, 0))} -> 209.46514 | K38: {=INDEX('Purchase Behaviour'!C:C, MATCH(A38,'Purchase Behaviour'!A:A, 0))} -> 412.91893 | L38: {=INDEX('Purchase Behaviour'!D:D, MATCH($A38,'Purchase Behaviour'!$A:$A, 0))} -> 436.59484 | M38: {=INDEX('Purchase Behaviour'!E:E, MATCH($A38,'Purchase Behaviour'!$A:$A, 0))} -> 365.39847 | N38: {=INDEX('Purchase Behaviour'!F:F, MATCH($A38,'Purchase Behaviour'!$A:$A, 0))} -> 135.53321 | O38: {=INDEX('Purchase Behaviour'!G:G, MATCH($A38,'Purchase Behaviour'!$A:$A, 0))} -> 372.09826 | P38: {=INDEX('Purchase Behaviour'!H:H, MATCH($A38,'Purchase Behaviour'!$A:$A, 0))} -> 5 | Q38: {=INDEX('Purchase Behaviour'!I:I, MATCH($A38,'Purchase Behaviour'!$A:$A, 0))} -> 5 | R38: {=INDEX('Purchase Behaviour'!J:J, MATCH($A38,'Purchase Behaviour'!$A:$A, 0))} -> 6 | S38: {=INDEX('Purchase Behaviour'!K:K, MATCH($A38,'Purchase Behaviour'!$A:$A, 0))} -> 12 | T38: {=INDEX('Purchase Behaviour'!L:L, MATCH($A38,'Purchase Behaviour'!$A:$A, 0))} -> 2 | U38: {=INDEX('Purchase Behaviour'!M:M, MATCH($A38,'Purchase Behaviour'!$A:$A, 0))} -> 37 | V38: {=INDEX('Campaign Performance'!B:B, MATCH(A38,'Campaign Performance'!A:A, 0))} -> 0 | W38: {=INDEX('Campaign Performance'!C:C, MATCH($A38,'Campaign Performance'!$A:$A, 0))} -> 0 | X38: {=INDEX('Campaign Performance'!D:D, MATCH($A38,'Campaign Performance'!$A:$A, 0))} -> 0 | Y38: {=INDEX('Campaign Performance'!E:E, MATCH($A38,'Campaign Performance'!$A:$A, 0))} -> 0 | Z38: {=INDEX('Campaign Performance'!F:F, MATCH($A38,'Campaign Performance'!$A:$A, 0))} -> 0 | AA38: {=INDEX('Campaign Performance'!G:G, MATCH($A38,'Campaign Performance'!$A:$A, 0))} -> 0 | AB38: {=INDEX('Campaign Performance'!H:H, MATCH($A38,'Campaign Performance'!$A:$A, 0))} -> 0 | AC38: =YEAR(TODAY()) - B38 -> 55 | AD38: =DATEDIF(I38,today(),"Y") -> 11 | AE38: =sum(J38:O38) -> 1932.0088 | AF38: =sum(V38:Z38) -> 0 | AG38: =if(G38+H38 =0,"No kids",if(G38+H38 = 1,"Small family","Large family")) -> Small family | AH38: =if(E38< 30000, "Low income", if(E38 < 50000, "Mid income", "High income")) -> High income | AI38: =if(AB38 = 1, "Yes" , "No") -> No | AJ38: =if(AF38 = 0, "No Acceptance", if(AF38 = 1, "Low Acceptance", if(AF38 = 2,"Mid Acceptance","High Acceptance"))) -> No Acceptance | AK38: =IF(AH38 = "Low income", 1, if(AH38="Mid income", 2, 3)) -> 3 | AL38: =(AE38-min(AE:AE)) / (MAX(AE:AE)-min(AE:AE)) -> 0.097919585 | AM38: =(max(U:U) -U38)/max(U:U) -> 0.62626263 | AN38: =(Q38-min(Q:Q)) / (max(Q:Q)-min(Q:Q)) -> 0.18518519 | AO38: =(R38-min(R:R))/(max(R:R)-min(R:R)) -> 0.21428571 | AP38: =(AF38-min(AF:AF))/max(AF:AF)-min(AF:AF) -> 0 | AQ38: =(AK38-min(AK:AK))/(max(AK:AK)-min(AK:AK)) -> 1 | AR38: =0.3*AM38+0.25*AL38+0.15*AN38+0.1*AO38+0.1*AQ38+0.1*AP38 -> 0.36156503 | AS38: =RANK(AR38,AR:AR,FALSE) -> 530 | AT38: =(max(AS:AS)-AS38)/(max(AS:AS)-min(AS:AS)) -> 0.76373381 | AU38: =if(AT38<0.5,"Low", if(and(AT38>=0.5,AT38<0.74),"Mid","High")) -> High
A39: 10755 | B39: 1976 | C39: 2n Cycle | D39: Married | E39: 23718 | F39: =if(ISBLANK(E:E),MEDIAN(E:E), E:E) -> 23718 | G39: 0 | H39: 1 | I39: 2013-09-02 | J39: {=INDEX('Purchase Behaviour'!B:B,MATCH(A39,'Purchase Behaviour'!A:A, 0))} -> 48.267001 | K39: {=INDEX('Purchase Behaviour'!C:C, MATCH(A39,'Purchase Behaviour'!A:A, 0))} -> 89.477605 | L39: {=INDEX('Purchase Behaviour'!D:D, MATCH($A39,'Purchase Behaviour'!$A:$A, 0))} -> 144.92332 | M39: {=INDEX('Purchase Behaviour'!E:E, MATCH($A39,'Purchase Behaviour'!$A:$A, 0))} -> 137.37093 | N39: {=INDEX('Purchase Behaviour'!F:F, MATCH($A39,'Purchase Behaviour'!$A:$A, 0))} -> 130.0847 | O39: {=INDEX('Purchase Behaviour'!G:G, MATCH($A39,'Purchase Behaviour'!$A:$A, 0))} -> 161.16932 | P39: {=INDEX('Purchase Behaviour'!H:H, MATCH($A39,'Purchase Behaviour'!$A:$A, 0))} -> 3 | Q39: {=INDEX('Purchase Behaviour'!I:I, MATCH($A39,'Purchase Behaviour'!$A:$A, 0))} -> 3 | R39: {=INDEX('Purchase Behaviour'!J:J, MATCH($A39,'Purchase Behaviour'!$A:$A, 0))} -> 1 | S39: {=INDEX('Purchase Behaviour'!K:K, MATCH($A39,'Purchase Behaviour'!$A:$A, 0))} -> 2 | T39: {=INDEX('Purchase Behaviour'!L:L, MATCH($A39,'Purchase Behaviour'!$A:$A, 0))} -> 7 | U39: {=INDEX('Purchase Behaviour'!M:M, MATCH($A39,'Purchase Behaviour'!$A:$A, 0))} -> 76 | V39: {=INDEX('Campaign Performance'!B:B, MATCH(A39,'Campaign Performance'!A:A, 0))} -> 0 | W39: {=INDEX('Campaign Performance'!C:C, MATCH($A39,'Campaign Performance'!$A:$A, 0))} -> 0 | X39: {=INDEX('Campaign Performance'!D:D, MATCH($A39,'Campaign Performance'!$A:$A, 0))} -> 0 | Y39: {=INDEX('Campaign Performance'!E:E, MATCH($A39,'Campaign Performance'!$A:$A, 0))} -> 0 | Z39: {=INDEX('Campaign Performance'!F:F, MATCH($A39,'Campaign Performance'!$A:$A, 0))} -> 0 | AA39: {=INDEX('Campaign Performance'!G:G, MATCH($A39,'Campaign Performance'!$A:$A, 0))} -> 0 | AB39: {=INDEX('Campaign Performance'!H:H, MATCH($A39,'Campaign Performance'!$A:$A, 0))} -> 0 | AC39: =YEAR(TODAY()) - B39 -> 49 | AD39: =DATEDIF(I39,today(),"Y") -> 12 | AE39: =sum(J39:O39) -> 711.29288 | AF39: =sum(V39:Z39) -> 0 | AG39: =if(G39+H39 =0,"No kids",if(G39+H39 = 1,"Small family","Large family")) -> Small family | AH39: =if(E39< 30000, "Low income", if(E39 < 50000, "Mid income", "High income")) -> Low income | AI39: =if(AB39 = 1, "Yes" , "No") -> No | AJ39: =if(AF39 = 0, "No Acceptance", if(AF39 = 1, "Low Acceptance", if(AF39 = 2,"Mid Acceptance","High Acceptance"))) -> No Acceptance | AK39: =IF(AH39 = "Low income", 1, if(AH39="Mid income", 2, 3)) -> 1 | AL39: =(AE39-min(AE:AE)) / (MAX(AE:AE)-min(AE:AE)) -> 0.036050303 | AM39: =(max(U:U) -U39)/max(U:U) -> 0.23232323 | AN39: =(Q39-min(Q:Q)) / (max(Q:Q)-min(Q:Q)) -> 0.11111111 | AO39: =(R39-min(R:R))/(max(R:R)-min(R:R)) -> 0.035714286 | AP39: =(AF39-min(AF:AF))/max(AF:AF)-min(AF:AF) -> 0 | AQ39: =(AK39-min(AK:AK))/(max(AK:AK)-min(AK:AK)) -> 0 | AR39: =0.3*AM39+0.25*AL39+0.15*AN39+0.1*AO39+0.1*AQ39+0.1*AP39 -> 0.098947641 | AS39: =RANK(AR39,AR:AR,FALSE) -> 2089 | AT39: =(max(AS:AS)-AS39)/(max(AS:AS)-min(AS:AS)) -> 0.067440822 | AU39: =if(AT39<0.5,"Low", if(and(AT39>=0.5,AT39<0.74),"Mid","High")) -> Low
A40: 8595 | B40: 1973 | C40: Graduation | D40: Widow | E40: 42429 | F40: =if(ISBLANK(E:E),MEDIAN(E:E), E:E) -> 42429 | G40: 0 | H40: 0 | I40: 2014-02-11 | J40: {=INDEX('Purchase Behaviour'!B:B,MATCH(A40,'Purchase Behaviour'!A:A, 0))} -> 239.40246 | K40: {=INDEX('Purchase Behaviour'!C:C, MATCH(A40,'Purchase Behaviour'!A:A, 0))} -> 71.851678 | L40: {=INDEX('Purchase Behaviour'!D:D, MATCH($A40,'Purchase Behaviour'!$A:$A, 0))} -> 179.01313 | M40: {=INDEX('Purchase Behaviour'!E:E, MATCH($A40,'Purchase Behaviour'!$A:$A, 0))} -> 200.31709 | N40: {=INDEX('Purchase Behaviour'!F:F, MATCH($A40,'Purchase Behaviour'!$A:$A, 0))} -> 192.70736 | O40: {=INDEX('Purchase Behaviour'!G:G, MATCH($A40,'Purchase Behaviour'!$A:$A, 0))} -> 162.92715 | P40: {=INDEX('Purchase Behaviour'!H:H, MATCH($A40,'Purchase Behaviour'!$A:$A, 0))} -> 2 | Q40: {=INDEX('Purchase Behaviour'!I:I, MATCH($A40,'Purchase Behaviour'!$A:$A, 0))} -> 1 | R40: {=INDEX('Purchase Behaviour'!J:J, MATCH($A40,'Purchase Behaviour'!$A:$A, 0))} -> 1 | S40: {=INDEX('Purchase Behaviour'!K:K, MATCH($A40,'Purchase Behaviour'!$A:$A, 0))} -> 3 | T40: {=INDEX('Purchase Behaviour'!L:L, MATCH($A40,'Purchase Behaviour'!$A:$A, 0))} -> 5 | U40: {=INDEX('Purchase Behaviour'!M:M, MATCH($A40,'Purchase Behaviour'!$A:$A, 0))} -> 99 | V40: {=INDEX('Campaign Performance'!B:B, MATCH(A40,'Campaign Performance'!A:A, 0))} -> 0 | W40: {=INDEX('Campaign Performance'!C:C, MATCH($A40,'Campaign Performance'!$A:$A, 0))} -> 0 | X40: {=INDEX('Campaign Performance'!D:D, MATCH($A40,'Campaign Performance'!$A:$A, 0))} -> 0 | Y40: {=INDEX('Campaign Performance'!E:E, MATCH($A40,'Campaign Performance'!$A:$A, 0))} -> 0 | Z40: {=INDEX('Campaign Performance'!F:F, MATCH($A40,'Campaign Performance'!$A:$A, 0))} -> 0 | AA40: {=INDEX('Campaign Performance'!G:G, MATCH($A40,'Campaign Performance'!$A:$A, 0))} -> 0 | AB40: {=INDEX('Campaign Performance'!H:H, MATCH($A40,'Campaign Performance'!$A:$A, 0))} -> 0 | AC40: =YEAR(TODAY()) - B40 -> 52 | AD40: =DATEDIF(I40,today(),"Y") -> 11 | AE40: =sum(J40:O40) -> 1046.2189 | AF40: =sum(V40:Z40) -> 0 | AG40: =if(G40+H40 =0,"No kids",if(G40+H40 = 1,"Small family","Large family")) -> No kids | AH40: =if(E40< 30000, "Low income", if(E40 < 50000, "Mid income", "High income")) -> Mid income | AI40: =if(AB40 = 1, "Yes" , "No") -> No | AJ40: =if(AF40 = 0, "No Acceptance", if(AF40 = 1, "Low Acceptance", if(AF40 = 2,"Mid Acceptance","High Acceptance"))) -> No Acceptance | AK40: =IF(AH40 = "Low income", 1, if(AH40="Mid income", 2, 3)) -> 2 | AL40: =(AE40-min(AE:AE)) / (MAX(AE:AE)-min(AE:AE)) -> 0.053025284 | AM40: =(max(U:U) -U40)/max(U:U) -> 0 | AN40: =(Q40-min(Q:Q)) / (max(Q:Q)-min(Q:Q)) -> 0.037037037 | AO40: =(R40-min(R:R))/(max(R:R)-min(R:R)) -> 0.035714286 | AP40: =(AF40-min(AF:AF))/max(AF:AF)-min(AF:AF) -> 0 | AQ40: =(AK40-min(AK:AK))/(max(AK:AK)-min(AK:AK)) -> 0.5 | AR40: =0.3*AM40+0.25*AL40+0.15*AN40+0.1*AO40+0.1*AQ40+0.1*AP40 -> 0.072383305 | AS40: =RANK(AR40,AR:AR,FALSE) -> 2169 | AT40: =(max(AS:AS)-AS40)/(max(AS:AS)-min(AS:AS)) -> 0.031710585 | AU40: =if(AT40<0.5,"Low", if(and(AT40>=0.5,AT40<0.74),"Mid","High")) -> Low
A41: 2968 | B41: 1960 | C41: PhD | D41: Divorced | E41: 48948 | F41: =if(ISBLANK(E:E),MEDIAN(E:E), E:E) -> 48948 | G41: 0 | H41: 0 | I41: 2013-02-01 | J41: {=INDEX('Purchase Behaviour'!B:B,MATCH(A41,'Purchase Behaviour'!A:A, 0))} -> 157.00488 | K41: {=INDEX('Purchase Behaviour'!C:C, MATCH(A41,'Purchase Behaviour'!A:A, 0))} -> 414.14491 | L41: {=INDEX('Purchase Behaviour'!D:D, MATCH($A41,'Purchase Behaviour'!$A:$A, 0))} -> 205.07753 | M41: {=INDEX('Purchase Behaviour'!E:E, MATCH($A41,'Purchase Behaviour'!$A:$A, 0))} -> 410.46173 | N41: {=INDEX('Purchase Behaviour'!F:F, MATCH($A41,'Purchase Behaviour'!$A:$A, 0))} -> 148.67556 | O41: {=INDEX('Purchase Behaviour'!G:G, MATCH($A41,'Purchase Behaviour'!$A:$A, 0))} -> 283.45878 | P41: {=INDEX('Purchase Behaviour'!H:H, MATCH($A41,'Purchase Behaviour'!$A:$A, 0))} -> 2 | Q41: {=INDEX('Purchase Behaviour'!I:I, MATCH($A41,'Purchase Behaviour'!$A:$A, 0))} -> 7 | R41: {=INDEX('Purchase Behaviour'!J:J, MATCH($A41,'Purchase Behaviour'!$A:$A, 0))} -> 10 | S41: {=INDEX('Purchase Behaviour'!K:K, MATCH($A41,'Purchase Behaviour'!$A:$A, 0))} -> 5 | T41: {=INDEX('Purchase Behaviour'!L:L, MATCH($A41,'Purchase Behaviour'!$A:$A, 0))} -> 6 | U41: {=INDEX('Purchase Behaviour'!M:M, MATCH($A41,'Purchase Behaviour'!$A:$A, 0))} -> 53 | V41: {=INDEX('Campaign Performance'!B:B, MATCH(A41,'Campaign Performance'!A:A, 0))} -> 1 | W41: {=INDEX('Campaign Performance'!C:C, MATCH($A41,'Campaign Performance'!$A:$A, 0))} -> 0 | X41: {=INDEX('Campaign Performance'!D:D, MATCH($A41,'Campaign Performance'!$A:$A, 0))} -> 0 | Y41: {=INDEX('Campaign Performance'!E:E, MATCH($A41,'Campaign Performance'!$A:$A, 0))} -> 0 | Z41: {=INDEX('Campaign Performance'!F:F, MATCH($A41,'Campaign Performance'!$A:$A, 0))} -> 0 | AA41: {=INDEX('Campaign Performance'!G:G, MATCH($A41,'Campaign Performance'!$A:$A, 0))} -> 0 | AB41: {=INDEX('Campaign Performance'!H:H, MATCH($A41,'Campaign Performance'!$A:$A, 0))} -> 1 | AC41: =YEAR(TODAY()) - B41 -> 65 | AD41: =DATEDIF(I41,today(),"Y") -> 12 | AE41: =sum(J41:O41) -> 1618.8234 | AF41: =sum(V41:Z41) -> 1 | AG41: =if(G41+H41 =0,"No kids",if(G41+H41 = 1,"Small family","Large family")) -> No kids | AH41: =if(E41< 30000, "Low income", if(E41 < 50000, "Mid income", "High income")) -> Mid income | AI41: =if(AB41 = 1, "Yes" , "No") -> Yes | AJ41: =if(AF41 = 0, "No Acceptance", if(AF41 = 1, "Low Acceptance", if(AF41 = 2,"Mid Acceptance","High Acceptance"))) -> Low Acceptance | AK41: =IF(AH41 = "Low income", 1, if(AH41="Mid income", 2, 3)) -> 2 | AL41: =(AE41-min(AE:AE)) / (MAX(AE:AE)-min(AE:AE)) -> 0.082046475 | AM41: =(max(U:U) -U41)/max(U:U) -> 0.46464646 | AN41: =(Q41-min(Q:Q)) / (max(Q:Q)-min(Q:Q)) -> 0.25925926 | AO41: =(R41-min(R:R))/(max(R:R)-min(R:R)) -> 0.35714286 | AP41: =(AF41-min(AF:AF))/max(AF:AF)-min(AF:AF) -> 0.25 | AQ41: =(AK41-min(AK:AK))/(max(AK:AK)-min(AK:AK)) -> 0.5 | AR41: =0.3*AM41+0.25*AL41+0.15*AN41+0.1*AO41+0.1*AQ41+0.1*AP41 -> 0.30950873 | AS41: =RANK(AR41,AR:AR,FALSE) -> 881 | AT41: =(max(AS:AS)-AS41)/(max(AS:AS)-min(AS:AS)) -> 0.6069674 | AU41: =if(AT41<0.5,"Low", if(and(AT41>=0.5,AT41<0.74),"Mid","High")) -> Mid
... A44: 8430 | B44: 1960 | C44: Graduation | D44: Together | E44: 21994 | F44: =if(ISBLANK(E:E),MEDIAN(E:E), E:E) -> 21994 | G44: 0 | H44: 0 | I44: 2012-12-24 | J44: {=INDEX('Purchase Behaviour'!B:B,MATCH(A44,'Purchase Behaviour'!A:A, 0))} -> 143.72615 | K44: {=INDEX('Purchase Behaviour'!C:C, MATCH(A44,'Purchase Behaviour'!A:A, 0))} -> 146.94408 | L44: {=INDEX('Purchase Behaviour'!D:D, MATCH($A44,'Purchase Behaviour'!$A:$A, 0))} -> 12.594672 | M44: {=INDEX('Purchase Behaviour'!E:E, MATCH($A44,'Purchase Behaviour'!$A:$A, 0))} -> 119.50794 | N44: {=INDEX('Purchase Behaviour'!F:F, MATCH($A44,'Purchase Behaviour'!$A:$A, 0))} -> 58.667168 | O44: {=INDEX('Purchase Behaviour'!G:G, MATCH($A44,'Purchase Behaviour'!$A:$A, 0))} -> 65.470942 | P44: {=INDEX('Purchase Behaviour'!H:H, MATCH($A44,'Purchase Behaviour'!$A:$A, 0))} -> 1 | Q44: {=INDEX('Purchase Behaviour'!I:I, MATCH($A44,'Purchase Behaviour'!$A:$A, 0))} -> 0 | R44: {=INDEX('Purchase Behaviour'!J:J, MATCH($A44,'Purchase Behaviour'!$A:$A, 0))} -> 0 | S44: {=INDEX('Purchase Behaviour'!K:K, MATCH($A44,'Purchase Behaviour'!$A:$A, 0))} -> 3 | T44: {=INDEX('Purchase Behaviour'!L:L, MATCH($A44,'Purchase Behaviour'!$A:$A, 0))} -> 5 | U44: {=INDEX('Purchase Behaviour'!M:M, MATCH($A44,'Purchase Behaviour'!$A:$A, 0))} -> 4 | V44: {=INDEX('Campaign Performance'!B:B, MATCH(A44,'Campaign Performance'!A:A, 0))} -> 0 | W44: {=INDEX('Campaign Performance'!C:C, MATCH($A44,'Campaign Performance'!$A:$A, 0))} -> 0 | X44: {=INDEX('Campaign Performance'!D:D, MATCH($A44,'Campaign Performance'!$A:$A, 0))} -> 0 | Y44: {=INDEX('Campaign Performance'!E:E, MATCH($A44,'Campaign Performance'!$A:$A, 0))} -> 0 | Z44: {=INDEX('Campaign Performance'!F:F, MATCH($A44,'Campaign Performance'!$A:$A, 0))} -> 0 | AA44: {=INDEX('Campaign Performance'!G:G, MATCH($A44,'Campaign Performance'!$A:$A, 0))} -> 0 | AB44: {=INDEX('Campaign Performance'!H:H, MATCH($A44,'Campaign Performance'!$A:$A, 0))} -> 0 | AC44: =YEAR(TODAY()) - B44 -> 65 | AD44: =DATEDIF(I44,today(),"Y") -> 12 | AE44: =sum(J44:O44) -> 546.91095 | AF44: =sum(V44:Z44) -> 0 | AG44: =if(G44+H44 =0,"No kids",if(G44+H44 = 1,"Small family","Large family")) -> No kids | AH44: =if(E44< 30000, "Low income", if(E44 < 50000, "Mid income", "High income")) -> Low income | AI44: =if(AB44 = 1, "Yes" , "No") -> No | AJ44: =if(AF44 = 0, "No Acceptance", if(AF44 = 1, "Low Acceptance", if(AF44 = 2,"Mid Acceptance","High Acceptance"))) -> No Acceptance | AK44: =IF(AH44 = "Low income", 1, if(AH44="Mid income", 2, 3)) -> 1 | AL44: =(AE44-min(AE:AE)) / (MAX(AE:AE)-min(AE:AE)) -> 0.027718969 | AM44: =(max(U:U) -U44)/max(U:U) -> 0.95959596 | AN44: =(Q44-min(Q:Q)) / (max(Q:Q)-min(Q:Q)) -> 0 | AO44: =(R44-min(R:R))/(max(R:R)-min(R:R)) -> 0 | AP44: =(AF44-min(AF:AF))/max(AF:AF)-min(AF:AF) -> 0 | AQ44: =(AK44-min(AK:AK))/(max(AK:AK)-min(AK:AK)) -> 0 | AR44: =0.3*AM44+0.25*AL44+0.15*AN44+0.1*AO44+0.1*AQ44+0.1*AP44 -> 0.29480853 | AS44: =RANK(AR44,AR:AR,FALSE) -> 994 | AT44: =(max(AS:AS)-AS44)/(max(AS:AS)-min(AS:AS)) -> 0.55649844 | AU44: =if(AT44<0.5,"Low", if(and(AT44>=0.5,AT44<0.74),"Mid","High")) -> Mid
A45: 7281 | B45: 1960 | C45: PhD | D45: Single | F45: =if(ISBLANK(E:E),MEDIAN(E:E), E:E) -> 51381.5 | G45: 0 | H45: 0 | I45: 2013-11-05 | J45: {=INDEX('Purchase Behaviour'!B:B,MATCH(A45,'Purchase Behaviour'!A:A, 0))} | K45: {=INDEX('Purchase Behaviour'!C:C, MATCH(A45,'Purchase Behaviour'!A:A, 0))} | L45: {=INDEX('Purchase Behaviour'!D:D, MATCH($A45,'Purchase Behaviour'!$A:$A, 0))} | M45: {=INDEX('Purchase Behaviour'!E:E, MATCH($A45,'Purchase Behaviour'!$A:$A, 0))} | N45: {=INDEX('Purchase Behaviour'!F:F, MATCH($A45,'Purchase Behaviour'!$A:$A, 0))} | O45: {=INDEX('Purchase Behaviour'!G:G, MATCH($A45,'Purchase Behaviour'!$A:$A, 0))} | P45: {=INDEX('Purchase Behaviour'!H:H, MATCH($A45,'Purchase Behaviour'!$A:$A, 0))} -> 1 | Q45: {=INDEX('Purchase Behaviour'!I:I, MATCH($A45,'Purchase Behaviour'!$A:$A, 0))} -> 1 | R45: {=INDEX('Purchase Behaviour'!J:J, MATCH($A45,'Purchase Behaviour'!$A:$A, 0))} -> 3 | S45: {=INDEX('Purchase Behaviour'!K:K, MATCH($A45,'Purchase Behaviour'!$A:$A, 0))} -> 4 | T45: {=INDEX('Purchase Behaviour'!L:L, MATCH($A45,'Purchase Behaviour'!$A:$A, 0))} -> 2 | U45: {=INDEX('Purchase Behaviour'!M:M, MATCH($A45,'Purchase Behaviour'!$A:$A, 0))} -> 80 | V45: {=INDEX('Campaign Performance'!B:B, MATCH(A45,'Campaign Performance'!A:A, 0))} -> 0 | W45: {=INDEX('Campaign Performance'!C:C, MATCH($A45,'Campaign Performance'!$A:$A, 0))} -> 0 | X45: {=INDEX('Campaign Performance'!D:D, MATCH($A45,'Campaign Performance'!$A:$A, 0))} -> 0 | Y45: {=INDEX('Campaign Performance'!E:E, MATCH($A45,'Campaign Performance'!$A:$A, 0))} -> 0 | Z45: {=INDEX('Campaign Performance'!F:F, MATCH($A45,'Campaign Performance'!$A:$A, 0))} -> 0 | AA45: {=INDEX('Campaign Performance'!G:G, MATCH($A45,'Campaign Performance'!$A:$A, 0))} -> 0 | AB45: {=INDEX('Campaign Performance'!H:H, MATCH($A45,'Campaign Performance'!$A:$A, 0))} -> 0 | AC45: =YEAR(TODAY()) - B45 -> 65 | AD45: =DATEDIF(I45,today(),"Y") -> 12 | AE45: =sum(J45:O45) -> 0 | AF45: =sum(V45:Z45) -> 0 | AG45: =if(G45+H45 =0,"No kids",if(G45+H45 = 1,"Small family","Large family")) -> No kids | AH45: =if(E45< 30000, "Low income", if(E45 < 50000, "Mid income", "High income")) -> Low income | AI45: =if(AB45 = 1, "Yes" , "No") -> No | AJ45: =if(AF45 = 0, "No Acceptance", if(AF45 = 1, "Low Acceptance", if(AF45 = 2,"Mid Acceptance","High Acceptance"))) -> No Acceptance | AK45: =IF(AH45 = "Low income", 1, if(AH45="Mid income", 2, 3)) -> 1 | AL45: =(AE45-min(AE:AE)) / (MAX(AE:AE)-min(AE:AE)) -> 0 | AM45: =(max(U:U) -U45)/max(U:U) -> 0.19191919 | AN45: =(Q45-min(Q:Q)) / (max(Q:Q)-min(Q:Q)) -> 0.037037037 | AO45: =(R45-min(R:R))/(max(R:R)-min(R:R)) -> 0.10714286 | AP45: =(AF45-min(AF:AF))/max(AF:AF)-min(AF:AF) -> 0 | AQ45: =(AK45-min(AK:AK))/(max(AK:AK)-min(AK:AK)) -> 0 | AR45: =0.3*AM45+0.25*AL45+0.15*AN45+0.1*AO45+0.1*AQ45+0.1*AP45 -> 0.073845599 | AS45: =RANK(AR45,AR:AR,FALSE) -> 2165 | AT45: =(max(AS:AS)-AS45)/(max(AS:AS)-min(AS:AS)) -> 0.033497097 | AU45: =if(AT45<0.5,"Low", if(and(AT45>=0.5,AT45<0.74),"Mid","High")) -> Low
A46: 2139 | B46: 1975 | C46: Master | D46: Married | E46: 7500 | F46: =if(ISBLANK(E:E),MEDIAN(E:E), E:E) -> 7500 | G46: 0 | H46: 0 | I46: 2013-10-02 | J46: {=INDEX('Purchase Behaviour'!B:B,MATCH(A46,'Purchase Behaviour'!A:A, 0))} -> 44.884501 | K46: {=INDEX('Purchase Behaviour'!C:C, MATCH(A46,'Purchase Behaviour'!A:A, 0))} -> 40.970089 | L46: {=INDEX('Purchase Behaviour'!D:D, MATCH($A46,'Purchase Behaviour'!$A:$A, 0))} -> 16.083088 | M46: {=INDEX('Purchase Behaviour'!E:E, MATCH($A46,'Purchase Behaviour'!$A:$A, 0))} -> 27.396663 | N46: {=INDEX('Purchase Behaviour'!F:F, MATCH($A46,'Purchase Behaviour'!$A:$A, 0))} -> 36.1894 | O46: {=INDEX('Purchase Behaviour'!G:G, MATCH($A46,'Purchase Behaviour'!$A:$A, 0))} -> 44.309924 | P46: {=INDEX('Purchase Behaviour'!H:H, MATCH($A46,'Purchase Behaviour'!$A:$A, 0))} -> 3 | Q46: {=INDEX('Purchase Behaviour'!I:I, MATCH($A46,'Purchase Behaviour'!$A:$A, 0))} -> 2 | R46: {=INDEX('Purchase Behaviour'!J:J, MATCH($A46,'Purchase Behaviour'!$A:$A, 0))} -> 0 | S46: {=INDEX('Purchase Behaviour'!K:K, MATCH($A46,'Purchase Behaviour'!$A:$A, 0))} -> 3 | T46: {=INDEX('Purchase Behaviour'!L:L, MATCH($A46,'Purchase Behaviour'!$A:$A, 0))} -> 5 | U46: {=INDEX('Purchase Behaviour'!M:M, MATCH($A46,'Purchase Behaviour'!$A:$A, 0))} -> 19 | V46: {=INDEX('Campaign Performance'!B:B, MATCH(A46,'Campaign Performance'!A:A, 0))} -> 0 | W46: {=INDEX('Campaign Performance'!C:C, MATCH($A46,'Campaign Performance'!$A:$A, 0))} -> 0 | X46: {=INDEX('Campaign Performance'!D:D, MATCH($A46,'Campaign Performance'!$A:$A, 0))} -> 0 | Y46: {=INDEX('Campaign Performance'!E:E, MATCH($A46,'Campaign Performance'!$A:$A, 0))} -> 0 | Z46: {=INDEX('Campaign Performance'!F:F, MATCH($A46,'Campaign Performance'!$A:$A, 0))} -> 0 | AA46: {=INDEX('Campaign Performance'!G:G, MATCH($A46,'Campaign Performance'!$A:$A, 0))} -> 0 | AB46: {=INDEX('Campaign Performance'!H:H, MATCH($A46,'Campaign Performance'!$A:$A, 0))} -> 0 | AC46: =YEAR(TODAY()) - B46 -> 50 | AD46: =DATEDIF(I46,today(),"Y") -> 12 | AE46: =sum(J46:O46) -> 209.83366 | AF46: =sum(V46:Z46) -> 0 | AG46: =if(G46+H46 =0,"No kids",if(G46+H46 = 1,"Small family","Large family")) -> No kids | AH46: =if(E46< 30000, "Low income", if(E46 < 50000, "Mid income", "High income")) -> Low income | AI46: =if(AB46 = 1, "Yes" , "No") -> No | AJ46: =if(AF46 = 0, "No Acceptance", if(AF46 = 1, "Low Acceptance", if(AF46 = 2,"Mid Acceptance","High Acceptance"))) -> No Acceptance | AK46: =IF(AH46 = "Low income", 1, if(AH46="Mid income", 2, 3)) -> 1 | AL46: =(AE46-min(AE:AE)) / (MAX(AE:AE)-min(AE:AE)) -> 0.010634954 | AM46: =(max(U:U) -U46)/max(U:U) -> 0.80808081 | AN46: =(Q46-min(Q:Q)) / (max(Q:Q)-min(Q:Q)) -> 0.074074074 | AO46: =(R46-min(R:R))/(max(R:R)-min(R:R)) -> 0 | AP46: =(AF46-min(AF:AF))/max(AF:AF)-min(AF:AF) -> 0 | AQ46: =(AK46-min(AK:AK))/(max(AK:AK)-min(AK:AK)) -> 0 | AR46: =0.3*AM46+0.25*AL46+0.15*AN46+0.1*AO46+0.1*AQ46+0.1*AP46 -> 0.25619409 | AS46: =RANK(AR46,AR:AR,FALSE) -> 1276 | AT46: =(max(AS:AS)-AS46)/(max(AS:AS)-min(AS:AS)) -> 0.43054935 | AU46: =if(AT46<0.5,"Low", if(and(AT46>=0.5,AT46<0.74),"Mid","High")) -> Low
A47: 1371 | B47: 1976 | C47: Graduation | D47: Single | E47: 79941 | F47: =if(ISBLANK(E:E),MEDIAN(E:E), E:E) -> 79941 | G47: 1 | H47: 1 | I47: 2014-06-28 | J47: {=INDEX('Purchase Behaviour'!B:B,MATCH(A47,'Purchase Behaviour'!A:A, 0))} -> 219.88929 | K47: {=INDEX('Purchase Behaviour'!C:C, MATCH(A47,'Purchase Behaviour'!A:A, 0))} -> 381.12425 | L47: {=INDEX('Purchase Behaviour'!D:D, MATCH($A47,'Purchase Behaviour'!$A:$A, 0))} -> 190.87403 | M47: {=INDEX('Purchase Behaviour'!E:E, MATCH($A47,'Purchase Behaviour'!$A:$A, 0))} -> 508.08956 | N47: {=INDEX('Purchase Behaviour'!F:F, MATCH($A47,'Purchase Behaviour'!$A:$A, 0))} -> 412.17726 | O47: {=INDEX('Purchase Behaviour'!G:G, MATCH($A47,'Purchase Behaviour'!$A:$A, 0))} -> 217.74032 | P47: {=INDEX('Purchase Behaviour'!H:H, MATCH($A47,'Purchase Behaviour'!$A:$A, 0))} -> 1 | Q47: {=INDEX('Purchase Behaviour'!I:I, MATCH($A47,'Purchase Behaviour'!$A:$A, 0))} -> 2 | R47: {=INDEX('Purchase Behaviour'!J:J, MATCH($A47,'Purchase Behaviour'!$A:$A, 0))} -> 4 | S47: {=INDEX('Purchase Behaviour'!K:K, MATCH($A47,'Purchase Behaviour'!$A:$A, 0))} -> 9 | T47: {=INDEX('Purchase Behaviour'!L:L, MATCH($A47,'Purchase Behaviour'!$A:$A, 0))} -> 1 | U47: {=INDEX('Purchase Behaviour'!M:M, MATCH($A47,'Purchase Behaviour'!$A:$A, 0))} -> 72 | V47: {=INDEX('Campaign Performance'!B:B, MATCH(A47,'Campaign Performance'!A:A, 0))} -> 0 | W47: {=INDEX('Campaign Performance'!C:C, MATCH($A47,'Campaign Performance'!$A:$A, 0))} -> 0 | X47: {=INDEX('Campaign Performance'!D:D, MATCH($A47,'Campaign Performance'!$A:$A, 0))} -> 0 | Y47: {=INDEX('Campaign Performance'!E:E, MATCH($A47,'Campaign Performance'!$A:$A, 0))} -> 0 | Z47: {=INDEX('Campaign Performance'!F:F, MATCH($A47,'Campaign Performance'!$A:$A, 0))} -> 0 | AA47: {=INDEX('Campaign Performance'!G:G, MATCH($A47,'Campaign Performance'!$A:$A, 0))} -> 0 | AB47: {=INDEX('Campaign Performance'!H:H, MATCH($A47,'Campaign Performance'!$A:$A, 0))} -> 0 | AC47: =YEAR(TODAY()) - B47 -> 49 | AD47: =DATEDIF(I47,today(),"Y") -> 11 | AE47: =sum(J47:O47) -> 1929.8947 | AF47: =sum(V47:Z47) -> 0 | AG47: =if(G47+H47 =0,"No kids",if(G47+H47 = 1,"Small family","Large family")) -> Large family | AH47: =if(E47< 30000, "Low income", if(E47 < 50000, "Mid income", "High income")) -> High income | AI47: =if(AB47 = 1, "Yes" , "No") -> No | AJ47: =if(AF47 = 0, "No Acceptance", if(AF47 = 1, "Low Acceptance", if(AF47 = 2,"Mid Acceptance","High Acceptance"))) -> No Acceptance | AK47: =IF(AH47 = "Low income", 1, if(AH47="Mid income", 2, 3)) -> 3 | AL47: =(AE47-min(AE:AE)) / (MAX(AE:AE)-min(AE:AE)) -> 0.097812434 | AM47: =(max(U:U) -U47)/max(U:U) -> 0.27272727 | AN47: =(Q47-min(Q:Q)) / (max(Q:Q)-min(Q:Q)) -> 0.074074074 | AO47: =(R47-min(R:R))/(max(R:R)-min(R:R)) -> 0.14285714 | AP47: =(AF47-min(AF:AF))/max(AF:AF)-min(AF:AF) -> 0 | AQ47: =(AK47-min(AK:AK))/(max(AK:AK)-min(AK:AK)) -> 1 | AR47: =0.3*AM47+0.25*AL47+0.15*AN47+0.1*AO47+0.1*AQ47+0.1*AP47 -> 0.23166812 | AS47: =RANK(AR47,AR:AR,FALSE) -> 1443 | AT47: =(max(AS:AS)-AS47)/(max(AS:AS)-min(AS:AS)) -> 0.35596248 | AU47: =if(AT47<0.5,"Low", if(and(AT47>=0.5,AT47<0.74),"Mid","High")) -> Low
A48: 9909 | B48: 1996 | C48: 2n Cycle | D48: Married | E48: 7500 | F48: =if(ISBLANK(E:E),MEDIAN(E:E), E:E) -> 7500 | G48: 1 | H48: 0 | I48: 2012-11-09 | J48: {=INDEX('Purchase Behaviour'!B:B,MATCH(A48,'Purchase Behaviour'!A:A, 0))} -> 20.352513 | K48: {=INDEX('Purchase Behaviour'!C:C, MATCH(A48,'Purchase Behaviour'!A:A, 0))} -> 40.336268 | L48: {=INDEX('Purchase Behaviour'!D:D, MATCH($A48,'Purchase Behaviour'!$A:$A, 0))} -> 51.67505 | M48: {=INDEX('Purchase Behaviour'!E:E, MATCH($A48,'Purchase Behaviour'!$A:$A, 0))} -> 23.291723 | N48: {=INDEX('Purchase Behaviour'!F:F, MATCH($A48,'Purchase Behaviour'!$A:$A, 0))} -> 44.920305 | O48: {=INDEX('Purchase Behaviour'!G:G, MATCH($A48,'Purchase Behaviour'!$A:$A, 0))} -> 29.660075 | P48: {=INDEX('Purchase Behaviour'!H:H, MATCH($A48,'Purchase Behaviour'!$A:$A, 0))} -> 3 | Q48: {=INDEX('Purchase Behaviour'!I:I, MATCH($A48,'Purchase Behaviour'!$A:$A, 0))} -> 3 | R48: {=INDEX('Purchase Behaviour'!J:J, MATCH($A48,'Purchase Behaviour'!$A:$A, 0))} -> 1 | S48: {=INDEX('Purchase Behaviour'!K:K, MATCH($A48,'Purchase Behaviour'!$A:$A, 0))} -> 3 | T48: {=INDEX('Purchase Behaviour'!L:L, MATCH($A48,'Purchase Behaviour'!$A:$A, 0))} -> 9 | U48: {=INDEX('Purchase Behaviour'!M:M, MATCH($A48,'Purchase Behaviour'!$A:$A, 0))} -> 24 | V48: {=INDEX('Campaign Performance'!B:B, MATCH(A48,'Campaign Performance'!A:A, 0))} -> 0 | W48: {=INDEX('Campaign Performance'!C:C, MATCH($A48,'Campaign Performance'!$A:$A, 0))} -> 0 | X48: {=INDEX('Campaign Performance'!D:D, MATCH($A48,'Campaign Performance'!$A:$A, 0))} -> 0 | Y48: {=INDEX('Campaign Performance'!E:E, MATCH($A48,'Campaign Performance'!$A:$A, 0))} -> 0 | Z48: {=INDEX('Campaign Performance'!F:F, MATCH($A48,'Campaign Performance'!$A:$A, 0))} -> 0 | AA48: {=INDEX('Campaign Performance'!G:G, MATCH($A48,'Campaign Performance'!$A:$A, 0))} -> 0 | AB48: {=INDEX('Campaign Performance'!H:H, MATCH($A48,'Campaign Performance'!$A:$A, 0))} -> 1 | AC48: =YEAR(TODAY()) - B48 -> 29 | AD48: =DATEDIF(I48,today(),"Y") -> 13 | AE48: =sum(J48:O48) -> 210.23593 | AF48: =sum(V48:Z48) -> 0 | AG48: =if(G48+H48 =0,"No kids",if(G48+H48 = 1,"Small family","Large family")) -> Small family | AH48: =if(E48< 30000, "Low income", if(E48 < 50000, "Mid income", "High income")) -> Low income | AI48: =if(AB48 = 1, "Yes" , "No") -> Yes | AJ48: =if(AF48 = 0, "No Acceptance", if(AF48 = 1, "Low Acceptance", if(AF48 = 2,"Mid Acceptance","High Acceptance"))) -> No Acceptance | AK48: =IF(AH48 = "Low income", 1, if(AH48="Mid income", 2, 3)) -> 1 | AL48: =(AE48-min(AE:AE)) / (MAX(AE:AE)-min(AE:AE)) -> 0.010655342 | AM48: =(max(U:U) -U48)/max(U:U) -> 0.75757576 | AN48: =(Q48-min(Q:Q)) / (max(Q:Q)-min(Q:Q)) -> 0.11111111 | AO48: =(R48-min(R:R))/(max(R:R)-min(R:R)) -> 0.035714286 | AP48: =(AF48-min(AF:AF))/max(AF:AF)-min(AF:AF) -> 0 | AQ48: =(AK48-min(AK:AK))/(max(AK:AK)-min(AK:AK)) -> 0 | AR48: =0.3*AM48+0.25*AL48+0.15*AN48+0.1*AO48+0.1*AQ48+0.1*AP48 -> 0.25017466 | AS48: =RANK(AR48,AR:AR,FALSE) -> 1314 | AT48: =(max(AS:AS)-AS48)/(max(AS:AS)-min(AS:AS)) -> 0.41357749 | AU48: =if(AT48<0.5,"Low", if(and(AT48>=0.5,AT48<0.74),"Mid","High")) -> Low
A49: 7286 | B49: 1968 | C49: Graduation | D49: Together | E49: 41728 | F49: =if(ISBLANK(E:E),MEDIAN(E:E), E:E) -> 41728 | G49: 0 | H49: 1 | I49: 2013-05-24 | J49: {=INDEX('Purchase Behaviour'!B:B,MATCH(A49,'Purchase Behaviour'!A:A, 0))} -> 252.26245 | K49: {=INDEX('Purchase Behaviour'!C:C, MATCH(A49,'Purchase Behaviour'!A:A, 0))} -> 243.31721 | L49: {=INDEX('Purchase Behaviour'!D:D, MATCH($A49,'Purchase Behaviour'!$A:$A, 0))} -> 209.5886 | M49: {=INDEX('Purchase Behaviour'!E:E, MATCH($A49,'Purchase Behaviour'!$A:$A, 0))} -> 82.461019 | N49: {=INDEX('Purchase Behaviour'!F:F, MATCH($A49,'Purchase Behaviour'!$A:$A, 0))} -> 243.18908 | O49: {=INDEX('Purchase Behaviour'!G:G, MATCH($A49,'Purchase Behaviour'!$A:$A, 0))} -> 231.74158 | P49: {=INDEX('Purchase Behaviour'!H:H, MATCH($A49,'Purchase Behaviour'!$A:$A, 0))} -> 1 | Q49: {=INDEX('Purchase Behaviour'!I:I, MATCH($A49,'Purchase Behaviour'!$A:$A, 0))} -> 2 | R49: {=INDEX('Purchase Behaviour'!J:J, MATCH($A49,'Purchase Behaviour'!$A:$A, 0))} -> 0 | S49: {=INDEX('Purchase Behaviour'!K:K, MATCH($A49,'Purchase Behaviour'!$A:$A, 0))} -> 2 | T49: {=INDEX('Purchase Behaviour'!L:L, MATCH($A49,'Purchase Behaviour'!$A:$A, 0))} -> 10 | U49: {=INDEX('Purchase Behaviour'!M:M, MATCH($A49,'Purchase Behaviour'!$A:$A, 0))} -> 92 | V49: {=INDEX('Campaign Performance'!B:B, MATCH(A49,'Campaign Performance'!A:A, 0))} -> 0 | W49: {=INDEX('Campaign Performance'!C:C, MATCH($A49,'Campaign Performance'!$A:$A, 0))} -> 0 | X49: {=INDEX('Campaign Performance'!D:D, MATCH($A49,'Campaign Performance'!$A:$A, 0))} -> 0 | Y49: {=INDEX('Campaign Performance'!E:E, MATCH($A49,'Campaign Performance'!$A:$A, 0))} -> 0 | Z49: {=INDEX('Campaign Performance'!F:F, MATCH($A49,'Campaign Performance'!$A:$A, 0))} -> 0 | AA49: {=INDEX('Campaign Performance'!G:G, MATCH($A49,'Campaign Performance'!$A:$A, 0))} -> 0 | AB49: {=INDEX('Campaign Performance'!H:H, MATCH($A49,'Campaign Performance'!$A:$A, 0))} -> 0 | AC49: =YEAR(TODAY()) - B49 -> 57 | AD49: =DATEDIF(I49,today(),"Y") -> 12 | AE49: =sum(J49:O49) -> 1262.5599 | AF49: =sum(V49:Z49) -> 0 | AG49: =if(G49+H49 =0,"No kids",if(G49+H49 = 1,"Small family","Large family")) -> Small family | AH49: =if(E49< 30000, "Low income", if(E49 < 50000, "Mid income", "High income")) -> Mid income | AI49: =if(AB49 = 1, "Yes" , "No") -> No | AJ49: =if(AF49 = 0, "No Acceptance", if(AF49 = 1, "Low Acceptance", if(AF49 = 2,"Mid Acceptance","High Acceptance"))) -> No Acceptance | AK49: =IF(AH49 = "Low income", 1, if(AH49="Mid income", 2, 3)) -> 2 | AL49: =(AE49-min(AE:AE)) / (MAX(AE:AE)-min(AE:AE)) -> 0.063990051 | AM49: =(max(U:U) -U49)/max(U:U) -> 0.070707071 | AN49: =(Q49-min(Q:Q)) / (max(Q:Q)-min(Q:Q)) -> 0.074074074 | AO49: =(R49-min(R:R))/(max(R:R)-min(R:R)) -> 0 | AP49: =(AF49-min(AF:AF))/max(AF:AF)-min(AF:AF) -> 0 | AQ49: =(AK49-min(AK:AK))/(max(AK:AK)-min(AK:AK)) -> 0.5 | AR49: =0.3*AM49+0.25*AL49+0.15*AN49+0.1*AO49+0.1*AQ49+0.1*AP49 -> 0.098320745 | AS49: =RANK(AR49,AR:AR,FALSE) -> 2092 | AT49: =(max(AS:AS)-AS49)/(max(AS:AS)-min(AS:AS)) -> 0.066100938 | AU49: =if(AT49<0.5,"Low", if(and(AT49>=0.5,AT49<0.74),"Mid","High")) -> Low
A50: 7244 | B50: 1960 | C50: Graduation | D50: Single | F50: =if(ISBLANK(E:E),MEDIAN(E:E), E:E) -> 51381.5 | G50: 0 | H50: 1 | I50: 2014-01-01 | J50: {=INDEX('Purchase Behaviour'!B:B,MATCH(A50,'Purchase Behaviour'!A:A, 0))} | K50: {=INDEX('Purchase Behaviour'!C:C, MATCH(A50,'Purchase Behaviour'!A:A, 0))} | L50: {=INDEX('Purchase Behaviour'!D:D, MATCH($A50,'Purchase Behaviour'!$A:$A, 0))} | M50: {=INDEX('Purchase Behaviour'!E:E, MATCH($A50,'Purchase Behaviour'!$A:$A, 0))} | N50: {=INDEX('Purchase Behaviour'!F:F, MATCH($A50,'Purchase Behaviour'!$A:$A, 0))} | O50: {=INDEX('Purchase Behaviour'!G:G, MATCH($A50,'Purchase Behaviour'!$A:$A, 0))} | P50: {=INDEX('Purchase Behaviour'!H:H, MATCH($A50,'Purchase Behaviour'!$A:$A, 0))} -> 3 | Q50: {=INDEX('Purchase Behaviour'!I:I, MATCH($A50,'Purchase Behaviour'!$A:$A, 0))} -> 2 | R50: {=INDEX('Purchase Behaviour'!J:J, MATCH($A50,'Purchase Behaviour'!$A:$A, 0))} -> 1 | S50: {=INDEX('Purchase Behaviour'!K:K, MATCH($A50,'Purchase Behaviour'!$A:$A, 0))} -> 4 | T50: {=INDEX('Purchase Behaviour'!L:L, MATCH($A50,'Purchase Behaviour'!$A:$A, 0))} -> 6 | U50: {=INDEX('Purchase Behaviour'!M:M, MATCH($A50,'Purchase Behaviour'!$A:$A, 0))} -> 96 | V50: {=INDEX('Campaign Performance'!B:B, MATCH(A50,'Campaign Performance'!A:A, 0))} -> 0 | W50: {=INDEX('Campaign Performance'!C:C, MATCH($A50,'Campaign Performance'!$A:$A, 0))} -> 0 | X50: {=INDEX('Campaign Performance'!D:D, MATCH($A50,'Campaign Performance'!$A:$A, 0))} -> 0 | Y50: {=INDEX('Campaign Performance'!E:E, MATCH($A50,'Campaign Performance'!$A:$A, 0))} -> 0 | Z50: {=INDEX('Campaign Performance'!F:F, MATCH($A50,'Campaign Performance'!$A:$A, 0))} -> 0 | AA50: {=INDEX('Campaign Performance'!G:G, MATCH($A50,'Campaign Performance'!$A:$A, 0))} -> 0 | AB50: {=INDEX('Campaign Performance'!H:H, MATCH($A50,'Campaign Performance'!$A:$A, 0))} -> 0 | AC50: =YEAR(TODAY()) - B50 -> 65 | AD50: =DATEDIF(I50,today(),"Y") -> 11 | AE50: =sum(J50:O50) -> 0 | AF50: =sum(V50:Z50) -> 0 | AG50: =if(G50+H50 =0,"No kids",if(G50+H50 = 1,"Small family","Large family")) -> Small family | AH50: =if(E50< 30000, "Low income", if(E50 < 50000, "Mid income", "High income")) -> Low income | AI50: =if(AB50 = 1, "Yes" , "No") -> No | AJ50: =if(AF50 = 0, "No Acceptance", if(AF50 = 1, "Low Acceptance", if(AF50 = 2,"Mid Acceptance","High Acceptance"))) -> No Acceptance | AK50: =IF(AH50 = "Low income", 1, if(AH50="Mid income", 2, 3)) -> 1 | AL50: =(AE50-min(AE:AE)) / (MAX(AE:AE)-min(AE:AE)) -> 0 | AM50: =(max(U:U) -U50)/max(U:U) -> 0.03030303 | AN50: =(Q50-min(Q:Q)) / (max(Q:Q)-min(Q:Q)) -> 0.074074074 | AO50: =(R50-min(R:R))/(max(R:R)-min(R:R)) -> 0.035714286 | AP50: =(AF50-min(AF:AF))/max(AF:AF)-min(AF:AF) -> 0 | AQ50: =(AK50-min(AK:AK))/(max(AK:AK)-min(AK:AK)) -> 0 | AR50: =0.3*AM50+0.25*AL50+0.15*AN50+0.1*AO50+0.1*AQ50+0.1*AP50 -> 0.023773449 | AS50: =RANK(AR50,AR:AR,FALSE) -> 2234 | AT50: =(max(AS:AS)-AS50)/(max(AS:AS)-min(AS:AS)) -> 0.0026797678 | AU50: =if(AT50<0.5,"Low", if(and(AT50>=0.5,AT50<0.74),"Mid","High")) -> Low
A51: 6566 | B51: 1960 | C51: PhD | D51: Married | E51: 72550 | F51: =if(ISBLANK(E:E),MEDIAN(E:E), E:E) -> 72550 | G51: 0 | H51: 0 | I51: 2012-11-08 | J51: {=INDEX('Purchase Behaviour'!B:B,MATCH(A51,'Purchase Behaviour'!A:A, 0))} -> 493.14878 | K51: {=INDEX('Purchase Behaviour'!C:C, MATCH(A51,'Purchase Behaviour'!A:A, 0))} -> 361.77424 | L51: {=INDEX('Purchase Behaviour'!D:D, MATCH($A51,'Purchase Behaviour'!$A:$A, 0))} -> 361.49291 | M51: {=INDEX('Purchase Behaviour'!E:E, MATCH($A51,'Purchase Behaviour'!$A:$A, 0))} -> 327.55663 | N51: {=INDEX('Purchase Behaviour'!F:F, MATCH($A51,'Purchase Behaviour'!$A:$A, 0))} -> 338.48338 | O51: {=INDEX('Purchase Behaviour'!G:G, MATCH($A51,'Purchase Behaviour'!$A:$A, 0))} -> 499.43678 | P51: {=INDEX('Purchase Behaviour'!H:H, MATCH($A51,'Purchase Behaviour'!$A:$A, 0))} -> 9 | Q51: {=INDEX('Purchase Behaviour'!I:I, MATCH($A51,'Purchase Behaviour'!$A:$A, 0))} -> 5 | R51: {=INDEX('Purchase Behaviour'!J:J, MATCH($A51,'Purchase Behaviour'!$A:$A, 0))} -> 2 | S51: {=INDEX('Purchase Behaviour'!K:K, MATCH($A51,'Purchase Behaviour'!$A:$A, 0))} -> 12 | T51: {=INDEX('Purchase Behaviour'!L:L, MATCH($A51,'Purchase Behaviour'!$A:$A, 0))} -> 8 | U51: {=INDEX('Purchase Behaviour'!M:M, MATCH($A51,'Purchase Behaviour'!$A:$A, 0))} -> 39 | V51: {=INDEX('Campaign Performance'!B:B, MATCH(A51,'Campaign Performance'!A:A, 0))} -> 0 | W51: {=INDEX('Campaign Performance'!C:C, MATCH($A51,'Campaign Performance'!$A:$A, 0))} -> 0 | X51: {=INDEX('Campaign Performance'!D:D, MATCH($A51,'Campaign Performance'!$A:$A, 0))} -> 0 | Y51: {=INDEX('Campaign Performance'!E:E, MATCH($A51,'Campaign Performance'!$A:$A, 0))} -> 0 | Z51: {=INDEX('Campaign Performance'!F:F, MATCH($A51,'Campaign Performance'!$A:$A, 0))} -> 0 | AA51: {=INDEX('Campaign Performance'!G:G, MATCH($A51,'Campaign Performance'!$A:$A, 0))} -> 0 | AB51: {=INDEX('Campaign Performance'!H:H, MATCH($A51,'Campaign Performance'!$A:$A, 0))} -> 0 | AC51: =YEAR(TODAY()) - B51 -> 65 | AD51: =DATEDIF(I51,today(),"Y") -> 13 | AE51: =sum(J51:O51) -> 2381.8927 | AF51: =sum(V51:Z51) -> 0 | AG51: =if(G51+H51 =0,"No kids",if(G51+H51 = 1,"Small family","Large family")) -> No kids | AH51: =if(E51< 30000, "Low income", if(E51 < 50000, "Mid income", "High income")) -> High income | AI51: =if(AB51 = 1, "Yes" , "No") -> No | AJ51: =if(AF51 = 0, "No Acceptance", if(AF51 = 1, "Low Acceptance", if(AF51 = 2,"Mid Acceptance","High Acceptance"))) -> No Acceptance | AK51: =IF(AH51 = "Low income", 1, if(AH51="Mid income", 2, 3)) -> 3 | AL51: =(AE51-min(AE:AE)) / (MAX(AE:AE)-min(AE:AE)) -> 0.12072095 | AM51: =(max(U:U) -U51)/max(U:U) -> 0.60606061 | AN51: =(Q51-min(Q:Q)) / (max(Q:Q)-min(Q:Q)) -> 0.18518519 | AO51: =(R51-min(R:R))/(max(R:R)-min(R:R)) -> 0.071428571 | AP51: =(AF51-min(AF:AF))/max(AF:AF)-min(AF:AF) -> 0 | AQ51: =(AK51-min(AK:AK))/(max(AK:AK)-min(AK:AK)) -> 1 | AR51: =0.3*AM51+0.25*AL51+0.15*AN51+0.1*AO51+0.1*AQ51+0.1*AP51 -> 0.34691905 | AS51: =RANK(AR51,AR:AR,FALSE) -> 628 | AT51: =(max(AS:AS)-AS51)/(max(AS:AS)-min(AS:AS)) -> 0.71996427 | AU51: =if(AT51<0.5,"Low", if(and(AT51>=0.5,AT51<0.74),"Mid","High")) -> Mid
A52: 8614 | B52: 1960 | C52: Graduation | D52: Widow | E52: 65486 | F52: =if(ISBLANK(E:E),MEDIAN(E:E), E:E) -> 65486 | G52: 0 | H52: 1 | I52: 2014-05-12 | J52: {=INDEX('Purchase Behaviour'!B:B,MATCH(A52,'Purchase Behaviour'!A:A, 0))} -> 416.93401 | K52: {=INDEX('Purchase Behaviour'!C:C, MATCH(A52,'Purchase Behaviour'!A:A, 0))} -> 414.80547 | L52: {=INDEX('Purchase Behaviour'!D:D, MATCH($A52,'Purchase Behaviour'!$A:$A, 0))} -> 331.85306 | M52: {=INDEX('Purchase Behaviour'!E:E, MATCH($A52,'Purchase Behaviour'!$A:$A, 0))} -> 402.50469 | N52: {=INDEX('Purchase Behaviour'!F:F, MATCH($A52,'Purchase Behaviour'!$A:$A, 0))} -> 229.68929 | O52: {=INDEX('Purchase Behaviour'!G:G, MATCH($A52,'Purchase Behaviour'!$A:$A, 0))} -> 371.84899 | P52: {=INDEX('Purchase Behaviour'!H:H, MATCH($A52,'Purchase Behaviour'!$A:$A, 0))} -> 1 | Q52: {=INDEX('Purchase Behaviour'!I:I, MATCH($A52,'Purchase Behaviour'!$A:$A, 0))} -> 4 | R52: {=INDEX('Purchase Behaviour'!J:J, MATCH($A52,'Purchase Behaviour'!$A:$A, 0))} -> 2 | S52: {=INDEX('Purchase Behaviour'!K:K, MATCH($A52,'Purchase Behaviour'!$A:$A, 0))} -> 10 | T52: {=INDEX('Purchase Behaviour'!L:L, MATCH($A52,'Purchase Behaviour'!$A:$A, 0))} -> 2 | U52: {=INDEX('Purchase Behaviour'!M:M, MATCH($A52,'Purchase Behaviour'!$A:$A, 0))} -> 29 | V52: {=INDEX('Campaign Performance'!B:B, MATCH(A52,'Campaign Performance'!A:A, 0))} -> 0 | W52: {=INDEX('Campaign Performance'!C:C, MATCH($A52,'Campaign Performance'!$A:$A, 0))} -> 0 | X52: {=INDEX('Campaign Performance'!D:D, MATCH($A52,'Campaign Performance'!$A:$A, 0))} -> 0 | Y52: {=INDEX('Campaign Performance'!E:E, MATCH($A52,'Campaign Performance'!$A:$A, 0))} -> 0 | Z52: {=INDEX('Campaign Performance'!F:F, MATCH($A52,'Campaign Performance'!$A:$A, 0))} -> 0 | AA52: {=INDEX('Campaign Performance'!G:G, MATCH($A52,'Campaign Performance'!$A:$A, 0))} -> 0 | AB52: {=INDEX('Campaign Performance'!H:H, MATCH($A52,'Campaign Performance'!$A:$A, 0))} -> 0 | AC52: =YEAR(TODAY()) - B52 -> 65 | AD52: =DATEDIF(I52,today(),"Y") -> 11 | AE52: =sum(J52:O52) -> 2167.6355 | AF52: =sum(V52:Z52) -> 0 | AG52: =if(G52+H52 =0,"No kids",if(G52+H52 = 1,"Small family","Large family")) -> Small family | AH52: =if(E52< 30000, "Low income", if(E52 < 50000, "Mid income", "High income")) -> High income | AI52: =if(AB52 = 1, "Yes" , "No") -> No | AJ52: =if(AF52 = 0, "No Acceptance", if(AF52 = 1, "Low Acceptance", if(AF52 = 2,"Mid Acceptance","High Acceptance"))) -> No Acceptance | AK52: =IF(AH52 = "Low income", 1, if(AH52="Mid income", 2, 3)) -> 3 | AL52: =(AE52-min(AE:AE)) / (MAX(AE:AE)-min(AE:AE)) -> 0.1098618 | AM52: =(max(U:U) -U52)/max(U:U) -> 0.70707071 | AN52: =(Q52-min(Q:Q)) / (max(Q:Q)-min(Q:Q)) -> 0.14814815 | AO52: =(R52-min(R:R))/(max(R:R)-min(R:R)) -> 0.071428571 | AP52: =(AF52-min(AF:AF))/max(AF:AF)-min(AF:AF) -> 0 | AQ52: =(AK52-min(AK:AK))/(max(AK:AK)-min(AK:AK)) -> 1 | AR52: =0.3*AM52+0.25*AL52+0.15*AN52+0.1*AO52+0.1*AQ52+0.1*AP52 -> 0.36895174 | AS52: =RANK(AR52,AR:AR,FALSE) -> 478 | AT52: =(max(AS:AS)-AS52)/(max(AS:AS)-min(AS:AS)) -> 0.78695846 | AU52: =if(AT52<0.5,"Low", if(and(AT52>=0.5,AT52<0.74),"Mid","High")) -> High
A53: 4114 | B53: 1964 | C53: Master | D53: Married | E53: 79143 | F53: =if(ISBLANK(E:E),MEDIAN(E:E), E:E) -> 79143 | G53: 0 | H53: 0 | I53: 2012-08-11 | J53: {=INDEX('Purchase Behaviour'!B:B,MATCH(A53,'Purchase Behaviour'!A:A, 0))} -> 360.09454 | K53: {=INDEX('Purchase Behaviour'!C:C, MATCH(A53,'Purchase Behaviour'!A:A, 0))} -> 129.08274 | L53: {=INDEX('Purchase Behaviour'!D:D, MATCH($A53,'Purchase Behaviour'!$A:$A, 0))} -> 186.48718 | M53: {=INDEX('Purchase Behaviour'!E:E, MATCH($A53,'Purchase Behaviour'!$A:$A, 0))} -> 298.3533 | N53: {=INDEX('Purchase Behaviour'!F:F, MATCH($A53,'Purchase Behaviour'!$A:$A, 0))} -> 429.00386 | O53: {=INDEX('Purchase Behaviour'!G:G, MATCH($A53,'Purchase Behaviour'!$A:$A, 0))} -> 298.46224 | P53: {=INDEX('Purchase Behaviour'!H:H, MATCH($A53,'Purchase Behaviour'!$A:$A, 0))} -> 1 | Q53: {=INDEX('Purchase Behaviour'!I:I, MATCH($A53,'Purchase Behaviour'!$A:$A, 0))} -> 6 | R53: {=INDEX('Purchase Behaviour'!J:J, MATCH($A53,'Purchase Behaviour'!$A:$A, 0))} -> 9 | S53: {=INDEX('Purchase Behaviour'!K:K, MATCH($A53,'Purchase Behaviour'!$A:$A, 0))} -> 13 | T53: {=INDEX('Purchase Behaviour'!L:L, MATCH($A53,'Purchase Behaviour'!$A:$A, 0))} -> 3 | U53: {=INDEX('Purchase Behaviour'!M:M, MATCH($A53,'Purchase Behaviour'!$A:$A, 0))} -> 2 | V53: {=INDEX('Campaign Performance'!B:B, MATCH(A53,'Campaign Performance'!A:A, 0))} -> 0 | W53: {=INDEX('Campaign Performance'!C:C, MATCH($A53,'Campaign Performance'!$A:$A, 0))} -> 0 | X53: {=INDEX('Campaign Performance'!D:D, MATCH($A53,'Campaign Performance'!$A:$A, 0))} -> 0 | Y53: {=INDEX('Campaign Performance'!E:E, MATCH($A53,'Campaign Performance'!$A:$A, 0))} -> 0 | Z53: {=INDEX('Campaign Performance'!F:F, MATCH($A53,'Campaign Performance'!$A:$A, 0))} -> 0 | AA53: {=INDEX('Campaign Performance'!G:G, MATCH($A53,'Campaign Performance'!$A:$A, 0))} -> 0 | AB53: {=INDEX('Campaign Performance'!H:H, MATCH($A53,'Campaign Performance'!$A:$A, 0))} -> 0 | AC53: =YEAR(TODAY()) - B53 -> 61 | AD53: =DATEDIF(I53,today(),"Y") -> 13 | AE53: =sum(J53:O53) -> 1701.4838 | AF53: =sum(V53:Z53) -> 0 | AG53: =if(G53+H53 =0,"No kids",if(G53+H53 = 1,"Small family","Large family")) -> No kids | AH53: =if(E53< 30000, "Low income", if(E53 < 50000, "Mid income", "High income")) -> High income | AI53: =if(AB53 = 1, "Yes" , "No") -> No | AJ53: =if(AF53 = 0, "No Acceptance", if(AF53 = 1, "Low Acceptance", if(AF53 = 2,"Mid Acceptance","High Acceptance"))) -> No Acceptance | AK53: =IF(AH53 = "Low income", 1, if(AH53="Mid income", 2, 3)) -> 3 | AL53: =(AE53-min(AE:AE)) / (MAX(AE:AE)-min(AE:AE)) -> 0.086235936 | AM53: =(max(U:U) -U53)/max(U:U) -> 0.97979798 | AN53: =(Q53-min(Q:Q)) / (max(Q:Q)-min(Q:Q)) -> 0.22222222 | AO53: =(R53-min(R:R))/(max(R:R)-min(R:R)) -> 0.32142857 | AP53: =(AF53-min(AF:AF))/max(AF:AF)-min(AF:AF) -> 0 | AQ53: =(AK53-min(AK:AK))/(max(AK:AK)-min(AK:AK)) -> 1 | AR53: =0.3*AM53+0.25*AL53+0.15*AN53+0.1*AO53+0.1*AQ53+0.1*AP53 -> 0.48097457 | AS53: =RANK(AR53,AR:AR,FALSE) -> 56 | AT53: =(max(AS:AS)-AS53)/(max(AS:AS)-min(AS:AS)) -> 0.97543546 | AU53: =if(AT53<0.5,"Low", if(and(AT53>=0.5,AT53<0.74),"Mid","High")) -> High
A54: 1331 | B54: 1977 | C54: Graduation | D54: Single | E54: 35790 | F54: =if(ISBLANK(E:E),MEDIAN(E:E), E:E) -> 35790 | G54: 0 | H54: 0 | I54: 2013-01-02 | J54: {=INDEX('Purchase Behaviour'!B:B,MATCH(A54,'Purchase Behaviour'!A:A, 0))} -> 138.85926 | K54: {=INDEX('Purchase Behaviour'!C:C, MATCH(A54,'Purchase Behaviour'!A:A, 0))} -> 213.08047 | L54: {=INDEX('Purchase Behaviour'!D:D, MATCH($A54,'Purchase Behaviour'!$A:$A, 0))} -> 140.83783 | M54: {=INDEX('Purchase Behaviour'!E:E, MATCH($A54,'Purchase Behaviour'!$A:$A, 0))} -> 244.18255 | N54: {=INDEX('Purchase Behaviour'!F:F, MATCH($A54,'Purchase Behaviour'!$A:$A, 0))} -> 235.10294 | O54: {=INDEX('Purchase Behaviour'!G:G, MATCH($A54,'Purchase Behaviour'!$A:$A, 0))} -> 172.45215 | P54: {=INDEX('Purchase Behaviour'!H:H, MATCH($A54,'Purchase Behaviour'!$A:$A, 0))} -> 2 | Q54: {=INDEX('Purchase Behaviour'!I:I, MATCH($A54,'Purchase Behaviour'!$A:$A, 0))} -> 2 | R54: {=INDEX('Purchase Behaviour'!J:J, MATCH($A54,'Purchase Behaviour'!$A:$A, 0))} -> 0 | S54: {=INDEX('Purchase Behaviour'!K:K, MATCH($A54,'Purchase Behaviour'!$A:$A, 0))} -> 3 | T54: {=INDEX('Purchase Behaviour'!L:L, MATCH($A54,'Purchase Behaviour'!$A:$A, 0))} -> 7 | U54: {=INDEX('Purchase Behaviour'!M:M, MATCH($A54,'Purchase Behaviour'!$A:$A, 0))} -> 54 | V54: {=INDEX('Campaign Performance'!B:B, MATCH(A54,'Campaign Performance'!A:A, 0))} -> 0 | W54: {=INDEX('Campaign Performance'!C:C, MATCH($A54,'Campaign Performance'!$A:$A, 0))} -> 0 | X54: {=INDEX('Campaign Performance'!D:D, MATCH($A54,'Campaign Performance'!$A:$A, 0))} -> 0 | Y54: {=INDEX('Campaign Performance'!E:E, MATCH($A54,'Campaign Performance'!$A:$A, 0))} -> 0 | Z54: {=INDEX('Campaign Performance'!F:F, MATCH($A54,'Campaign Performance'!$A:$A, 0))} -> 0 | AA54: {=INDEX('Campaign Performance'!G:G, MATCH($A54,'Campaign Performance'!$A:$A, 0))} -> 0 | AB54: {=INDEX('Campaign Performance'!H:H, MATCH($A54,'Campaign Performance'!$A:$A, 0))} -> 0 | AC54: =YEAR(TODAY()) - B54 -> 48 | AD54: =DATEDIF(I54,today(),"Y") -> 12 | AE54: =sum(J54:O54) -> 1144.5152 | AF54: =sum(V54:Z54) -> 0 | AG54: =if(G54+H54 =0,"No kids",if(G54+H54 = 1,"Small family","Large family")) -> No kids | AH54: =if(E54< 30000, "Low income", if(E54 < 50000, "Mid income", "High income")) -> Mid income | AI54: =if(AB54 = 1, "Yes" , "No") -> No | AJ54: =if(AF54 = 0, "No Acceptance", if(AF54 = 1, "Low Acceptance", if(AF54 = 2,"Mid Acceptance","High Acceptance"))) -> No Acceptance | AK54: =IF(AH54 = "Low income", 1, if(AH54="Mid income", 2, 3)) -> 2 | AL54: =(AE54-min(AE:AE)) / (MAX(AE:AE)-min(AE:AE)) -> 0.058007215 | AM54: =(max(U:U) -U54)/max(U:U) -> 0.45454545 | AN54: =(Q54-min(Q:Q)) / (max(Q:Q)-min(Q:Q)) -> 0.074074074 | AO54: =(R54-min(R:R))/(max(R:R)-min(R:R)) -> 0 | AP54: =(AF54-min(AF:AF))/max(AF:AF)-min(AF:AF) -> 0 | AQ54: =(AK54-min(AK:AK))/(max(AK:AK)-min(AK:AK)) -> 0.5 | AR54: =0.3*AM54+0.25*AL54+0.15*AN54+0.1*AO54+0.1*AQ54+0.1*AP54 -> 0.21197655 | AS54: =RANK(AR54,AR:AR,FALSE) -> 1573 | AT54: =(max(AS:AS)-AS54)/(max(AS:AS)-min(AS:AS)) -> 0.29790085 | AU54: =if(AT54<0.5,"Low", if(and(AT54>=0.5,AT54<0.74),"Mid","High")) -> Low
A55: 2225 | B55: 1977 | C55: Graduation | D55: Divorced | E55: 82582 | F55: =if(ISBLANK(E:E),MEDIAN(E:E), E:E) -> 82582 | G55: 1 | H55: 0 | I55: 2014-06-07 | J55: {=INDEX('Purchase Behaviour'!B:B,MATCH(A55,'Purchase Behaviour'!A:A, 0))} -> 490.42366 | K55: {=INDEX('Purchase Behaviour'!C:C, MATCH(A55,'Purchase Behaviour'!A:A, 0))} -> 473.19879 | L55: {=INDEX('Purchase Behaviour'!D:D, MATCH($A55,'Purchase Behaviour'!$A:$A, 0))} -> 364.08609 | M55: {=INDEX('Purchase Behaviour'!E:E, MATCH($A55,'Purchase Behaviour'!$A:$A, 0))} -> 504.10195 | N55: {=INDEX('Purchase Behaviour'!F:F, MATCH($A55,'Purchase Behaviour'!$A:$A, 0))} -> 522.72361 | O55: {=INDEX('Purchase Behaviour'!G:G, MATCH($A55,'Purchase Behaviour'!$A:$A, 0))} -> 274.71645 | P55: {=INDEX('Purchase Behaviour'!H:H, MATCH($A55,'Purchase Behaviour'!$A:$A, 0))} -> 1 | Q55: {=INDEX('Purchase Behaviour'!I:I, MATCH($A55,'Purchase Behaviour'!$A:$A, 0))} -> 4 | R55: {=INDEX('Purchase Behaviour'!J:J, MATCH($A55,'Purchase Behaviour'!$A:$A, 0))} -> 9 | S55: {=INDEX('Purchase Behaviour'!K:K, MATCH($A55,'Purchase Behaviour'!$A:$A, 0))} -> 7 | T55: {=INDEX('Purchase Behaviour'!L:L, MATCH($A55,'Purchase Behaviour'!$A:$A, 0))} -> 1 | U55: {=INDEX('Purchase Behaviour'!M:M, MATCH($A55,'Purchase Behaviour'!$A:$A, 0))} -> 54 | V55: {=INDEX('Campaign Performance'!B:B, MATCH(A55,'Campaign Performance'!A:A, 0))} -> 1 | W55: {=INDEX('Campaign Performance'!C:C, MATCH($A55,'Campaign Performance'!$A:$A, 0))} -> 0 | X55: {=INDEX('Campaign Performance'!D:D, MATCH($A55,'Campaign Performance'!$A:$A, 0))} -> 0 | Y55: {=INDEX('Campaign Performance'!E:E, MATCH($A55,'Campaign Performance'!$A:$A, 0))} -> 1 | Z55: {=INDEX('Campaign Performance'!F:F, MATCH($A55,'Campaign Performance'!$A:$A, 0))} -> 0 | AA55: {=INDEX('Campaign Performance'!G:G, MATCH($A55,'Campaign Performance'!$A:$A, 0))} -> 0 | AB55: {=INDEX('Campaign Performance'!H:H, MATCH($A55,'Campaign Performance'!$A:$A, 0))} -> 1 | AC55: =YEAR(TODAY()) - B55 -> 48 | AD55: =DATEDIF(I55,today(),"Y") -> 11 | AE55: =sum(J55:O55) -> 2629.2506 | AF55: =sum(V55:Z55) -> 2 | AG55: =if(G55+H55 =0,"No kids",if(G55+H55 = 1,"Small family","Large family")) -> Small family | AH55: =if(E55< 30000, "Low income", if(E55 < 50000, "Mid income", "High income")) -> High income | AI55: =if(AB55 = 1, "Yes" , "No") -> Yes | AJ55: =if(AF55 = 0, "No Acceptance", if(AF55 = 1, "Low Acceptance", if(AF55 = 2,"Mid Acceptance","High Acceptance"))) -> Mid Acceptance | AK55: =IF(AH55 = "Low income", 1, if(AH55="Mid income", 2, 3)) -> 3 | AL55: =(AE55-min(AE:AE)) / (MAX(AE:AE)-min(AE:AE)) -> 0.13325773 | AM55: =(max(U:U) -U55)/max(U:U) -> 0.45454545 | AN55: =(Q55-min(Q:Q)) / (max(Q:Q)-min(Q:Q)) -> 0.14814815 | AO55: =(R55-min(R:R))/(max(R:R)-min(R:R)) -> 0.32142857 | AP55: =(AF55-min(AF:AF))/max(AF:AF)-min(AF:AF) -> 0.5 | AQ55: =(AK55-min(AK:AK))/(max(AK:AK)-min(AK:AK)) -> 1 | AR55: =0.3*AM55+0.25*AL55+0.15*AN55+0.1*AO55+0.1*AQ55+0.1*AP55 -> 0.37404315 | AS55: =RANK(AR55,AR:AR,FALSE) -> 452 | AT55: =(max(AS:AS)-AS55)/(max(AS:AS)-min(AS:AS)) -> 0.79857079 | AU55: =if(AT55<0.5,"Low", if(and(AT55>=0.5,AT55<0.74),"Mid","High")) -> High
A56: 9381 | B56: 1978 | C56: Graduation | D56: Married | E56: 66373 | F56: =if(ISBLANK(E:E),MEDIAN(E:E), E:E) -> 66373 | G56: 1 | H56: 0 | I56: 2013-06-12 | J56: {=INDEX('Purchase Behaviour'!B:B,MATCH(A56,'Purchase Behaviour'!A:A, 0))} -> 333.19588 | K56: {=INDEX('Purchase Behaviour'!C:C, MATCH(A56,'Purchase Behaviour'!A:A, 0))} -> 332.0734 | L56: {=INDEX('Purchase Behaviour'!D:D, MATCH($A56,'Purchase Behaviour'!$A:$A, 0))} -> 403.93691 | M56: {=INDEX('Purchase Behaviour'!E:E, MATCH($A56,'Purchase Behaviour'!$A:$A, 0))} -> 272.48195 | N56: {=INDEX('Purchase Behaviour'!F:F, MATCH($A56,'Purchase Behaviour'!$A:$A, 0))} -> 256.84104 | O56: {=INDEX('Purchase Behaviour'!G:G, MATCH($A56,'Purchase Behaviour'!$A:$A, 0))} -> 334.76615 | P56: {=INDEX('Purchase Behaviour'!H:H, MATCH($A56,'Purchase Behaviour'!$A:$A, 0))} -> 7 | Q56: {=INDEX('Purchase Behaviour'!I:I, MATCH($A56,'Purchase Behaviour'!$A:$A, 0))} -> 4 | R56: {=INDEX('Purchase Behaviour'!J:J, MATCH($A56,'Purchase Behaviour'!$A:$A, 0))} -> 2 | S56: {=INDEX('Purchase Behaviour'!K:K, MATCH($A56,'Purchase Behaviour'!$A:$A, 0))} -> 10 | T56: {=INDEX('Purchase Behaviour'!L:L, MATCH($A56,'Purchase Behaviour'!$A:$A, 0))} -> 3 | U56: {=INDEX('Purchase Behaviour'!M:M, MATCH($A56,'Purchase Behaviour'!$A:$A, 0))} -> 57 | V56: {=INDEX('Campaign Performance'!B:B, MATCH(A56,'Campaign Performance'!A:A, 0))} -> 0 | W56: {=INDEX('Campaign Performance'!C:C, MATCH($A56,'Campaign Performance'!$A:$A, 0))} -> 0 | X56: {=INDEX('Campaign Performance'!D:D, MATCH($A56,'Campaign Performance'!$A:$A, 0))} -> 0 | Y56: {=INDEX('Campaign Performance'!E:E, MATCH($A56,'Campaign Performance'!$A:$A, 0))} -> 0 | Z56: {=INDEX('Campaign Performance'!F:F, MATCH($A56,'Campaign Performance'!$A:$A, 0))} -> 0 | AA56: {=INDEX('Campaign Performance'!G:G, MATCH($A56,'Campaign Performance'!$A:$A, 0))} -> 0 | AB56: {=INDEX('Campaign Performance'!H:H, MATCH($A56,'Campaign Performance'!$A:$A, 0))} -> 0 | AC56: =YEAR(TODAY()) - B56 -> 47 | AD56: =DATEDIF(I56,today(),"Y") -> 12 | AE56: =sum(J56:O56) -> 1933.2953 | AF56: =sum(V56:Z56) -> 0 | AG56: =if(G56+H56 =0,"No kids",if(G56+H56 = 1,"Small family","Large family")) -> Small family | AH56: =if(E56< 30000, "Low income", if(E56 < 50000, "Mid income", "High income")) -> High income | AI56: =if(AB56 = 1, "Yes" , "No") -> No | AJ56: =if(AF56 = 0, "No Acceptance", if(AF56 = 1, "Low Acceptance", if(AF56 = 2,"Mid Acceptance","High Acceptance"))) -> No Acceptance | AK56: =IF(AH56 = "Low income", 1, if(AH56="Mid income", 2, 3)) -> 3 | AL56: =(AE56-min(AE:AE)) / (MAX(AE:AE)-min(AE:AE)) -> 0.097984788 | AM56: =(max(U:U) -U56)/max(U:U) -> 0.42424242 | AN56: =(Q56-min(Q:Q)) / (max(Q:Q)-min(Q:Q)) -> 0.14814815 | AO56: =(R56-min(R:R))/(max(R:R)-min(R:R)) -> 0.071428571 | AP56: =(AF56-min(AF:AF))/max(AF:AF)-min(AF:AF) -> 0 | AQ56: =(AK56-min(AK:AK))/(max(AK:AK)-min(AK:AK)) -> 1 | AR56: =0.3*AM56+0.25*AL56+0.15*AN56+0.1*AO56+0.1*AQ56+0.1*AP56 -> 0.281134 | AS56: =RANK(AR56,AR:AR,FALSE) -> 1110 | AT56: =(max(AS:AS)-AS56)/(max(AS:AS)-min(AS:AS)) -> 0.50468959 | AU56: =if(AT56<0.5,"Low", if(and(AT56>=0.5,AT56<0.74),"Mid","High")) -> Mid
A57: 6260 | B57: 1960 | C57: Master | D57: Together | E57: 82384 | F57: =if(ISBLANK(E:E),MEDIAN(E:E), E:E) -> 82384 | G57: 0 | H57: 0 | I57: 2012-11-19 | J57: {=INDEX('Purchase Behaviour'!B:B,MATCH(A57,'Purchase Behaviour'!A:A, 0))} -> 543.2249 | K57: {=INDEX('Purchase Behaviour'!C:C, MATCH(A57,'Purchase Behaviour'!A:A, 0))} -> 242.90735 | L57: {=INDEX('Purchase Behaviour'!D:D, MATCH($A57,'Purchase Behaviour'!$A:$A, 0))} -> 264.92857 | M57: {=INDEX('Purchase Behaviour'!E:E, MATCH($A57,'Purchase Behaviour'!$A:$A, 0))} -> 328.54356 | N57: {=INDEX('Purchase Behaviour'!F:F, MATCH($A57,'Purchase Behaviour'!$A:$A, 0))} -> 350.98823 | O57: {=INDEX('Purchase Behaviour'!G:G, MATCH($A57,'Purchase Behaviour'!$A:$A, 0))} -> 171.48343 | P57: {=INDEX('Purchase Behaviour'!H:H, MATCH($A57,'Purchase Behaviour'!$A:$A, 0))} -> 1 | Q57: {=INDEX('Purchase Behaviour'!I:I, MATCH($A57,'Purchase Behaviour'!$A:$A, 0))} -> 3 | R57: {=INDEX('Purchase Behaviour'!J:J, MATCH($A57,'Purchase Behaviour'!$A:$A, 0))} -> 10 | S57: {=INDEX('Purchase Behaviour'!K:K, MATCH($A57,'Purchase Behaviour'!$A:$A, 0))} -> 13 | T57: {=INDEX('Purchase Behaviour'!L:L, MATCH($A57,'Purchase Behaviour'!$A:$A, 0))} -> 1 | U57: {=INDEX('Purchase Behaviour'!M:M, MATCH($A57,'Purchase Behaviour'!$A:$A, 0))} -> 55 | V57: {=INDEX('Campaign Performance'!B:B, MATCH(A57,'Campaign Performance'!A:A, 0))} -> 0 | W57: {=INDEX('Campaign Performance'!C:C, MATCH($A57,'Campaign Performance'!$A:$A, 0))} -> 0 | X57: {=INDEX('Campaign Performance'!D:D, MATCH($A57,'Campaign Performance'!$A:$A, 0))} -> 1 | Y57: {=INDEX('Campaign Performance'!E:E, MATCH($A57,'Campaign Performance'!$A:$A, 0))} -> 0 | Z57: {=INDEX('Campaign Performance'!F:F, MATCH($A57,'Campaign Performance'!$A:$A, 0))} -> 0 | AA57: {=INDEX('Campaign Performance'!G:G, MATCH($A57,'Campaign Performance'!$A:$A, 0))} -> 0 | AB57: {=INDEX('Campaign Performance'!H:H, MATCH($A57,'Campaign Performance'!$A:$A, 0))} -> 1 | AC57: =YEAR(TODAY()) - B57 -> 65 | AD57: =DATEDIF(I57,today(),"Y") -> 12 | AE57: =sum(J57:O57) -> 1902.076 | AF57: =sum(V57:Z57) -> 1 | AG57: =if(G57+H57 =0,"No kids",if(G57+H57 = 1,"Small family","Large family")) -> No kids | AH57: =if(E57< 30000, "Low income", if(E57 < 50000, "Mid income", "High income")) -> High income | AI57: =if(AB57 = 1, "Yes" , "No") -> Yes | AJ57: =if(AF57 = 0, "No Acceptance", if(AF57 = 1, "Low Acceptance", if(AF57 = 2,"Mid Acceptance","High Acceptance"))) -> Low Acceptance | AK57: =IF(AH57 = "Low income", 1, if(AH57="Mid income", 2, 3)) -> 3 | AL57: =(AE57-min(AE:AE)) / (MAX(AE:AE)-min(AE:AE)) -> 0.096402507 | AM57: =(max(U:U) -U57)/max(U:U) -> 0.44444444 | AN57: =(Q57-min(Q:Q)) / (max(Q:Q)-min(Q:Q)) -> 0.11111111 | AO57: =(R57-min(R:R))/(max(R:R)-min(R:R)) -> 0.35714286 | AP57: =(AF57-min(AF:AF))/max(AF:AF)-min(AF:AF) -> 0.25 | AQ57: =(AK57-min(AK:AK))/(max(AK:AK)-min(AK:AK)) -> 1 | AR57: =0.3*AM57+0.25*AL57+0.15*AN57+0.1*AO57+0.1*AQ57+0.1*AP57 -> 0.33481491 | AS57: =RANK(AR57,AR:AR,FALSE) -> 694 | AT57: =(max(AS:AS)-AS57)/(max(AS:AS)-min(AS:AS)) -> 0.69048682 | AU57: =if(AT57<0.5,"Low", if(and(AT57>=0.5,AT57<0.74),"Mid","High")) -> Mid
A58: 10383 | B58: 1966 | C58: Graduation | D58: Divorced | E58: 70287 | F58: =if(ISBLANK(E:E),MEDIAN(E:E), E:E) -> 70287 | G58: 0 | H58: 1 | I58: 2013-04-02 | J58: {=INDEX('Purchase Behaviour'!B:B,MATCH(A58,'Purchase Behaviour'!A:A, 0))} -> 497.55808 | K58: {=INDEX('Purchase Behaviour'!C:C, MATCH(A58,'Purchase Behaviour'!A:A, 0))} -> 322.29526 | L58: {=INDEX('Purchase Behaviour'!D:D, MATCH($A58,'Purchase Behaviour'!$A:$A, 0))} -> 306.17368 | M58: {=INDEX('Purchase Behaviour'!E:E, MATCH($A58,'Purchase Behaviour'!$A:$A, 0))} -> 510.95082 | N58: {=INDEX('Purchase Behaviour'!F:F, MATCH($A58,'Purchase Behaviour'!$A:$A, 0))} -> 413.56959 | O58: {=INDEX('Purchase Behaviour'!G:G, MATCH($A58,'Purchase Behaviour'!$A:$A, 0))} -> 278.69589 | P58: {=INDEX('Purchase Behaviour'!H:H, MATCH($A58,'Purchase Behaviour'!$A:$A, 0))} -> 1 | Q58: {=INDEX('Purchase Behaviour'!I:I, MATCH($A58,'Purchase Behaviour'!$A:$A, 0))} -> 5 | R58: {=INDEX('Purchase Behaviour'!J:J, MATCH($A58,'Purchase Behaviour'!$A:$A, 0))} -> 5 | S58: {=INDEX('Purchase Behaviour'!K:K, MATCH($A58,'Purchase Behaviour'!$A:$A, 0))} -> 10 | T58: {=INDEX('Purchase Behaviour'!L:L, MATCH($A58,'Purchase Behaviour'!$A:$A, 0))} -> 3 | U58: {=INDEX('Purchase Behaviour'!M:M, MATCH($A58,'Purchase Behaviour'!$A:$A, 0))} -> 30 | V58: {=INDEX('Campaign Performance'!B:B, MATCH(A58,'Campaign Performance'!A:A, 0))} -> 0 | W58: {=INDEX('Campaign Performance'!C:C, MATCH($A58,'Campaign Performance'!$A:$A, 0))} -> 0 | X58: {=INDEX('Campaign Performance'!D:D, MATCH($A58,'Campaign Performance'!$A:$A, 0))} -> 0 | Y58: {=INDEX('Campaign Performance'!E:E, MATCH($A58,'Campaign Performance'!$A:$A, 0))} -> 0 | Z58: {=INDEX('Campaign Performance'!F:F, MATCH($A58,'Campaign Performance'!$A:$A, 0))} -> 0 | AA58: {=INDEX('Campaign Performance'!G:G, MATCH($A58,'Campaign Performance'!$A:$A, 0))} -> 1 | AB58: {=INDEX('Campaign Performance'!H:H, MATCH($A58,'Campaign Performance'!$A:$A, 0))} -> 1 | AC58: =YEAR(TODAY()) - B58 -> 59 | AD58: =DATEDIF(I58,today(),"Y") -> 12 | AE58: =sum(J58:O58) -> 2329.2433 | AF58: =sum(V58:Z58) -> 0 | AG58: =if(G58+H58 =0,"No kids",if(G58+H58 = 1,"Small family","Large family")) -> Small family | AH58: =if(E58< 30000, "Low income", if(E58 < 50000, "Mid income", "High income")) -> High income | AI58: =if(AB58 = 1, "Yes" , "No") -> Yes | AJ58: =if(AF58 = 0, "No Acceptance", if(AF58 = 1, "Low Acceptance", if(AF58 = 2,"Mid Acceptance","High Acceptance"))) -> No Acceptance | AK58: =IF(AH58 = "Low income", 1, if(AH58="Mid income", 2, 3)) -> 3 | AL58: =(AE58-min(AE:AE)) / (MAX(AE:AE)-min(AE:AE)) -> 0.11805253 | AM58: =(max(U:U) -U58)/max(U:U) -> 0.6969697 | AN58: =(Q58-min(Q:Q)) / (max(Q:Q)-min(Q:Q)) -> 0.18518519 | AO58: =(R58-min(R:R))/(max(R:R)-min(R:R)) -> 0.17857143 | AP58: =(AF58-min(AF:AF))/max(AF:AF)-min(AF:AF) -> 0 | AQ58: =(AK58-min(AK:AK))/(max(AK:AK)-min(AK:AK)) -> 1 | AR58: =0.3*AM58+0.25*AL58+0.15*AN58+0.1*AO58+0.1*AQ58+0.1*AP58 -> 0.38423896 | AS58: =RANK(AR58,AR:AR,FALSE) -> 393 | AT58: =(max(AS:AS)-AS58)/(max(AS:AS)-min(AS:AS)) -> 0.82492184 | AU58: =if(AT58<0.5,"Low", if(and(AT58>=0.5,AT58<0.74),"Mid","High")) -> High
A59: 7437 | B59: 1988 | C59: Graduation | D59: Single | E59: 27938 | F59: =if(ISBLANK(E:E),MEDIAN(E:E), E:E) -> 27938 | G59: 1 | H59: 1 | I59: 2014-04-28 | J59: {=INDEX('Purchase Behaviour'!B:B,MATCH(A59,'Purchase Behaviour'!A:A, 0))} -> 140.72329 | K59: {=INDEX('Purchase Behaviour'!C:C, MATCH(A59,'Purchase Behaviour'!A:A, 0))} -> 131.89624 | L59: {=INDEX('Purchase Behaviour'!D:D, MATCH($A59,'Purchase Behaviour'!$A:$A, 0))} -> 195.63942 | M59: {=INDEX('Purchase Behaviour'!E:E, MATCH($A59,'Purchase Behaviour'!$A:$A, 0))} -> 126.51958 | N59: {=INDEX('Purchase Behaviour'!F:F, MATCH($A59,'Purchase Behaviour'!$A:$A, 0))} -> 71.993055 | O59: {=INDEX('Purchase Behaviour'!G:G, MATCH($A59,'Purchase Behaviour'!$A:$A, 0))} -> 53.377526 | P59: {=INDEX('Purchase Behaviour'!H:H, MATCH($A59,'Purchase Behaviour'!$A:$A, 0))} -> 1 | Q59: {=INDEX('Purchase Behaviour'!I:I, MATCH($A59,'Purchase Behaviour'!$A:$A, 0))} -> 1 | R59: {=INDEX('Purchase Behaviour'!J:J, MATCH($A59,'Purchase Behaviour'!$A:$A, 0))} -> 0 | S59: {=INDEX('Purchase Behaviour'!K:K, MATCH($A59,'Purchase Behaviour'!$A:$A, 0))} -> 4 | T59: {=INDEX('Purchase Behaviour'!L:L, MATCH($A59,'Purchase Behaviour'!$A:$A, 0))} -> 3 | U59: {=INDEX('Purchase Behaviour'!M:M, MATCH($A59,'Purchase Behaviour'!$A:$A, 0))} -> 31 | V59: {=INDEX('Campaign Performance'!B:B, MATCH(A59,'Campaign Performance'!A:A, 0))} -> 0 | W59: {=INDEX('Campaign Performance'!C:C, MATCH($A59,'Campaign Performance'!$A:$A, 0))} -> 0 | X59: {=INDEX('Campaign Performance'!D:D, MATCH($A59,'Campaign Performance'!$A:$A, 0))} -> 0 | Y59: {=INDEX('Campaign Performance'!E:E, MATCH($A59,'Campaign Performance'!$A:$A, 0))} -> 0 | Z59: {=INDEX('Campaign Performance'!F:F, MATCH($A59,'Campaign Performance'!$A:$A, 0))} -> 0 | AA59: {=INDEX('Campaign Performance'!G:G, MATCH($A59,'Campaign Performance'!$A:$A, 0))} -> 1 | AB59: {=INDEX('Campaign Performance'!H:H, MATCH($A59,'Campaign Performance'!$A:$A, 0))} -> 0 | AC59: =YEAR(TODAY()) - B59 -> 37 | AD59: =DATEDIF(I59,today(),"Y") -> 11 | AE59: =sum(J59:O59) -> 720.14911 | AF59: =sum(V59:Z59) -> 0 | AG59: =if(G59+H59 =0,"No kids",if(G59+H59 = 1,"Small family","Large family")) -> Large family | AH59: =if(E59< 30000, "Low income", if(E59 < 50000, "Mid income", "High income")) -> Low income | AI59: =if(AB59 = 1, "Yes" , "No") -> No | AJ59: =if(AF59 = 0, "No Acceptance", if(AF59 = 1, "Low Acceptance", if(AF59 = 2,"Mid Acceptance","High Acceptance"))) -> No Acceptance | AK59: =IF(AH59 = "Low income", 1, if(AH59="Mid income", 2, 3)) -> 1 | AL59: =(AE59-min(AE:AE)) / (MAX(AE:AE)-min(AE:AE)) -> 0.036499161 | AM59: =(max(U:U) -U59)/max(U:U) -> 0.68686869 | AN59: =(Q59-min(Q:Q)) / (max(Q:Q)-min(Q:Q)) -> 0.037037037 | AO59: =(R59-min(R:R))/(max(R:R)-min(R:R)) -> 0 | AP59: =(AF59-min(AF:AF))/max(AF:AF)-min(AF:AF) -> 0 | AQ59: =(AK59-min(AK:AK))/(max(AK:AK)-min(AK:AK)) -> 0 | AR59: =0.3*AM59+0.25*AL59+0.15*AN59+0.1*AO59+0.1*AQ59+0.1*AP59 -> 0.22074095 | AS59: =RANK(AR59,AR:AR,FALSE) -> 1509 | AT59: =(max(AS:AS)-AS59)/(max(AS:AS)-min(AS:AS)) -> 0.32648504 | AU59: =if(AT59<0.5,"Low", if(and(AT59>=0.5,AT59<0.74),"Mid","High")) -> Low
A60: 8557 | B60: 1982 | C60: Graduation | D60: Single | F60: =if(ISBLANK(E:E),MEDIAN(E:E), E:E) -> 51381.5 | G60: 1 | H60: 0 | I60: 2013-06-17 | J60: {=INDEX('Purchase Behaviour'!B:B,MATCH(A60,'Purchase Behaviour'!A:A, 0))} | K60: {=INDEX('Purchase Behaviour'!C:C, MATCH(A60,'Purchase Behaviour'!A:A, 0))} | L60: {=INDEX('Purchase Behaviour'!D:D, MATCH($A60,'Purchase Behaviour'!$A:$A, 0))} | M60: {=INDEX('Purchase Behaviour'!E:E, MATCH($A60,'Purchase Behaviour'!$A:$A, 0))} | N60: {=INDEX('Purchase Behaviour'!F:F, MATCH($A60,'Purchase Behaviour'!$A:$A, 0))} | O60: {=INDEX('Purchase Behaviour'!G:G, MATCH($A60,'Purchase Behaviour'!$A:$A, 0))} | P60: {=INDEX('Purchase Behaviour'!H:H, MATCH($A60,'Purchase Behaviour'!$A:$A, 0))} -> 2 | Q60: {=INDEX('Purchase Behaviour'!I:I, MATCH($A60,'Purchase Behaviour'!$A:$A, 0))} -> 2 | R60: {=INDEX('Purchase Behaviour'!J:J, MATCH($A60,'Purchase Behaviour'!$A:$A, 0))} -> 0 | S60: {=INDEX('Purchase Behaviour'!K:K, MATCH($A60,'Purchase Behaviour'!$A:$A, 0))} -> 3 | T60: {=INDEX('Purchase Behaviour'!L:L, MATCH($A60,'Purchase Behaviour'!$A:$A, 0))} -> 6 | U60: {=INDEX('Purchase Behaviour'!M:M, MATCH($A60,'Purchase Behaviour'!$A:$A, 0))} -> 57 | V60: {=INDEX('Campaign Performance'!B:B, MATCH(A60,'Campaign Performance'!A:A, 0))} -> 0 | W60: {=INDEX('Campaign Performance'!C:C, MATCH($A60,'Campaign Performance'!$A:$A, 0))} -> 0 | X60: {=INDEX('Campaign Performance'!D:D, MATCH($A60,'Campaign Performance'!$A:$A, 0))} -> 0 | Y60: {=INDEX('Campaign Performance'!E:E, MATCH($A60,'Campaign Performance'!$A:$A, 0))} -> 0 | Z60: {=INDEX('Campaign Performance'!F:F, MATCH($A60,'Campaign Performance'!$A:$A, 0))} -> 0 | AA60: {=INDEX('Campaign Performance'!G:G, MATCH($A60,'Campaign Performance'!$A:$A, 0))} -> 0 | AB60: {=INDEX('Campaign Performance'!H:H, MATCH($A60,'Campaign Performance'!$A:$A, 0))} -> 0 | AC60: =YEAR(TODAY()) - B60 -> 43 | AD60: =DATEDIF(I60,today(),"Y") -> 12 | AE60: =sum(J60:O60) -> 0 | AF60: =sum(V60:Z60) -> 0 | AG60: =if(G60+H60 =0,"No kids",if(G60+H60 = 1,"Small family","Large family")) -> Small family | AH60: =if(E60< 30000, "Low income", if(E60 < 50000, "Mid income", "High income")) -> Low income | AI60: =if(AB60 = 1, "Yes" , "No") -> No | AJ60: =if(AF60 = 0, "No Acceptance", if(AF60 = 1, "Low Acceptance", if(AF60 = 2,"Mid Acceptance","High Acceptance"))) -> No Acceptance | AK60: =IF(AH60 = "Low income", 1, if(AH60="Mid income", 2, 3)) -> 1 | AL60: =(AE60-min(AE:AE)) / (MAX(AE:AE)-min(AE:AE)) -> 0 | AM60: =(max(U:U) -U60)/max(U:U) -> 0.42424242 | AN60: =(Q60-min(Q:Q)) / (max(Q:Q)-min(Q:Q)) -> 0.074074074 | AO60: =(R60-min(R:R))/(max(R:R)-min(R:R)) -> 0 | AP60: =(AF60-min(AF:AF))/max(AF:AF)-min(AF:AF) -> 0 | AQ60: =(AK60-min(AK:AK))/(max(AK:AK)-min(AK:AK)) -> 0 | AR60: =0.3*AM60+0.25*AL60+0.15*AN60+0.1*AO60+0.1*AQ60+0.1*AP60 -> 0.13838384 | AS60: =RANK(AR60,AR:AR,FALSE) -> 1960 | AT60: =(max(AS:AS)-AS60)/(max(AS:AS)-min(AS:AS)) -> 0.12505583 | AU60: =if(AT60<0.5,"Low", if(and(AT60>=0.5,AT60<0.74),"Mid","High")) -> Low
A61: 8375 | B61: 1968 | C61: PhD | D61: Married | E61: 55954 | F61: =if(ISBLANK(E:E),MEDIAN(E:E), E:E) -> 55954 | G61: 0 | H61: 0 | I61: 2014-03-03 | J61: {=INDEX('Purchase Behaviour'!B:B,MATCH(A61,'Purchase Behaviour'!A:A, 0))} -> 403.39359 | K61: {=INDEX('Purchase Behaviour'!C:C, MATCH(A61,'Purchase Behaviour'!A:A, 0))} -> 143.67272 | L61: {=INDEX('Purchase Behaviour'!D:D, MATCH($A61,'Purchase Behaviour'!$A:$A, 0))} -> 234.62675 | M61: {=INDEX('Purchase Behaviour'!E:E, MATCH($A61,'Purchase Behaviour'!$A:$A, 0))} -> 345.40723 | N61: {=INDEX('Purchase Behaviour'!F:F, MATCH($A61,'Purchase Behaviour'!$A:$A, 0))} -> 157.80222 | O61: {=INDEX('Purchase Behaviour'!G:G, MATCH($A61,'Purchase Behaviour'!$A:$A, 0))} -> 380.5957 | P61: {=INDEX('Purchase Behaviour'!H:H, MATCH($A61,'Purchase Behaviour'!$A:$A, 0))} -> 3 | Q61: {=INDEX('Purchase Behaviour'!I:I, MATCH($A61,'Purchase Behaviour'!$A:$A, 0))} -> 8 | R61: {=INDEX('Purchase Behaviour'!J:J, MATCH($A61,'Purchase Behaviour'!$A:$A, 0))} -> 2 | S61: {=INDEX('Purchase Behaviour'!K:K, MATCH($A61,'Purchase Behaviour'!$A:$A, 0))} -> 6 | T61: {=INDEX('Purchase Behaviour'!L:L, MATCH($A61,'Purchase Behaviour'!$A:$A, 0))} -> 7 | U61: {=INDEX('Purchase Behaviour'!M:M, MATCH($A61,'Purchase Behaviour'!$A:$A, 0))} -> 63 | V61: {=INDEX('Campaign Performance'!B:B, MATCH(A61,'Campaign Performance'!A:A, 0))} -> 0 | W61: {=INDEX('Campaign Performance'!C:C, MATCH($A61,'Campaign Performance'!$A:$A, 0))} -> 0 | X61: {=INDEX('Campaign Performance'!D:D, MATCH($A61,'Campaign Performance'!$A:$A, 0))} -> 0 | Y61: {=INDEX('Campaign Performance'!E:E, MATCH($A61,'Campaign Performance'!$A:$A, 0))} -> 0 | Z61: {=INDEX('Campaign Performance'!F:F, MATCH($A61,'Campaign Performance'!$A:$A, 0))} -> 0 | AA61: {=INDEX('Campaign Performance'!G:G, MATCH($A61,'Campaign Performance'!$A:$A, 0))} -> 0 | AB61: {=INDEX('Campaign Performance'!H:H, MATCH($A61,'Campaign Performance'!$A:$A, 0))} -> 0 | AC61: =YEAR(TODAY()) - B61 -> 57 | AD61: =DATEDIF(I61,today(),"Y") -> 11 | AE61: =sum(J61:O61) -> 1665.4982 | AF61: =sum(V61:Z61) -> 0 | AG61: =if(G61+H61 =0,"No kids",if(G61+H61 = 1,"Small family","Large family")) -> No kids | AH61: =if(E61< 30000, "Low income", if(E61 < 50000, "Mid income", "High income")) -> High income | AI61: =if(AB61 = 1, "Yes" , "No") -> No | AJ61: =if(AF61 = 0, "No Acceptance", if(AF61 = 1, "Low Acceptance", if(AF61 = 2,"Mid Acceptance","High Acceptance"))) -> No Acceptance | AK61: =IF(AH61 = "Low income", 1, if(AH61="Mid income", 2, 3)) -> 3 | AL61: =(AE61-min(AE:AE)) / (MAX(AE:AE)-min(AE:AE)) -> 0.084412084 | AM61: =(max(U:U) -U61)/max(U:U) -> 0.36363636 | AN61: =(Q61-min(Q:Q)) / (max(Q:Q)-min(Q:Q)) -> 0.2962963 | AO61: =(R61-min(R:R))/(max(R:R)-min(R:R)) -> 0.071428571 | AP61: =(AF61-min(AF:AF))/max(AF:AF)-min(AF:AF) -> 0 | AQ61: =(AK61-min(AK:AK))/(max(AK:AK)-min(AK:AK)) -> 1 | AR61: =0.3*AM61+0.25*AL61+0.15*AN61+0.1*AO61+0.1*AQ61+0.1*AP61 -> 0.28178123 | AS61: =RANK(AR61,AR:AR,FALSE) -> 1105 | AT61: =(max(AS:AS)-AS61)/(max(AS:AS)-min(AS:AS)) -> 0.50692273 | AU61: =if(AT61<0.5,"Low", if(and(AT61>=0.5,AT61<0.74),"Mid","High")) -> Mid
A62: 6853 | B62: 1982 | C62: Master | D62: Single | E62: 75777 | F62: =if(ISBLANK(E:E),MEDIAN(E:E), E:E) -> 75777 | G62: 0 | H62: 0 | I62: 2013-07-04 | J62: {=INDEX('Purchase Behaviour'!B:B,MATCH(A62,'Purchase Behaviour'!A:A, 0))} -> 466.11467 | K62: {=INDEX('Purchase Behaviour'!C:C, MATCH(A62,'Purchase Behaviour'!A:A, 0))} -> 394.12444 | L62: {=INDEX('Purchase Behaviour'!D:D, MATCH($A62,'Purchase Behaviour'!$A:$A, 0))} -> 304.20801 | M62: {=INDEX('Purchase Behaviour'!E:E, MATCH($A62,'Purchase Behaviour'!$A:$A, 0))} -> 198.80682 | N62: {=INDEX('Purchase Behaviour'!F:F, MATCH($A62,'Purchase Behaviour'!$A:$A, 0))} -> 444.62579 | O62: {=INDEX('Purchase Behaviour'!G:G, MATCH($A62,'Purchase Behaviour'!$A:$A, 0))} -> 681.50906 | P62: {=INDEX('Purchase Behaviour'!H:H, MATCH($A62,'Purchase Behaviour'!$A:$A, 0))} -> 1 | Q62: {=INDEX('Purchase Behaviour'!I:I, MATCH($A62,'Purchase Behaviour'!$A:$A, 0))} -> 3 | R62: {=INDEX('Purchase Behaviour'!J:J, MATCH($A62,'Purchase Behaviour'!$A:$A, 0))} -> 6 | S62: {=INDEX('Purchase Behaviour'!K:K, MATCH($A62,'Purchase Behaviour'!$A:$A, 0))} -> 11 | T62: {=INDEX('Purchase Behaviour'!L:L, MATCH($A62,'Purchase Behaviour'!$A:$A, 0))} -> 1 | U62: {=INDEX('Purchase Behaviour'!M:M, MATCH($A62,'Purchase Behaviour'!$A:$A, 0))} -> 12 | V62: {=INDEX('Campaign Performance'!B:B, MATCH(A62,'Campaign Performance'!A:A, 0))} -> 0 | W62: {=INDEX('Campaign Performance'!C:C, MATCH($A62,'Campaign Performance'!$A:$A, 0))} -> 1 | X62: {=INDEX('Campaign Performance'!D:D, MATCH($A62,'Campaign Performance'!$A:$A, 0))} -> 1 | Y62: {=INDEX('Campaign Performance'!E:E, MATCH($A62,'Campaign Performance'!$A:$A, 0))} -> 0 | Z62: {=INDEX('Campaign Performance'!F:F, MATCH($A62,'Campaign Performance'!$A:$A, 0))} -> 0 | AA62: {=INDEX('Campaign Performance'!G:G, MATCH($A62,'Campaign Performance'!$A:$A, 0))} -> 0 | AB62: {=INDEX('Campaign Performance'!H:H, MATCH($A62,'Campaign Performance'!$A:$A, 0))} -> 1 | AC62: =YEAR(TODAY()) - B62 -> 43 | AD62: =DATEDIF(I62,today(),"Y") -> 12 | AE62: =sum(J62:O62) -> 2489.3888 | AF62: =sum(V62:Z62) -> 2 | AG62: =if(G62+H62 =0,"No kids",if(G62+H62 = 1,"Small family","Large family")) -> No kids | AH62: =if(E62< 30000, "Low income", if(E62 < 50000, "Mid income", "High income")) -> High income | AI62: =if(AB62 = 1, "Yes" , "No") -> Yes | AJ62: =if(AF62 = 0, "No Acceptance", if(AF62 = 1, "Low Acceptance", if(AF62 = 2,"Mid Acceptance","High Acceptance"))) -> Mid Acceptance | AK62: =IF(AH62 = "Low income", 1, if(AH62="Mid income", 2, 3)) -> 3 | AL62: =(AE62-min(AE:AE)) / (MAX(AE:AE)-min(AE:AE)) -> 0.12616915 | AM62: =(max(U:U) -U62)/max(U:U) -> 0.87878788 | AN62: =(Q62-min(Q:Q)) / (max(Q:Q)-min(Q:Q)) -> 0.11111111 | AO62: =(R62-min(R:R))/(max(R:R)-min(R:R)) -> 0.21428571 | AP62: =(AF62-min(AF:AF))/max(AF:AF)-min(AF:AF) -> 0.5 | AQ62: =(AK62-min(AK:AK))/(max(AK:AK)-min(AK:AK)) -> 1 | AR62: =0.3*AM62+0.25*AL62+0.15*AN62+0.1*AO62+0.1*AQ62+0.1*AP62 -> 0.48327389 | AS62: =RANK(AR62,AR:AR,FALSE) -> 49 | AT62: =(max(AS:AS)-AS62)/(max(AS:AS)-min(AS:AS)) -> 0.97856186 | AU62: =if(AT62<0.5,"Low", if(and(AT62>=0.5,AT62<0.74),"Mid","High")) -> High
A63: 3076 | B63: 1975 | C63: Graduation | D63: Together | E63: 66653 | F63: =if(ISBLANK(E:E),MEDIAN(E:E), E:E) -> 66653 | G63: 0 | H63: 0 | I63: 2012-09-07 | J63: {=INDEX('Purchase Behaviour'!B:B,MATCH(A63,'Purchase Behaviour'!A:A, 0))} -> 333.82013 | K63: {=INDEX('Purchase Behaviour'!C:C, MATCH(A63,'Purchase Behaviour'!A:A, 0))} -> 132.56846 | L63: {=INDEX('Purchase Behaviour'!D:D, MATCH($A63,'Purchase Behaviour'!$A:$A, 0))} -> 365.62378 | M63: {=INDEX('Purchase Behaviour'!E:E, MATCH($A63,'Purchase Behaviour'!$A:$A, 0))} -> 406.72721 | N63: {=INDEX('Purchase Behaviour'!F:F, MATCH($A63,'Purchase Behaviour'!$A:$A, 0))} -> 225.25664 | O63: {=INDEX('Purchase Behaviour'!G:G, MATCH($A63,'Purchase Behaviour'!$A:$A, 0))} -> 253.05112 | P63: {=INDEX('Purchase Behaviour'!H:H, MATCH($A63,'Purchase Behaviour'!$A:$A, 0))} -> 4 | Q63: {=INDEX('Purchase Behaviour'!I:I, MATCH($A63,'Purchase Behaviour'!$A:$A, 0))} -> 4 | R63: {=INDEX('Purchase Behaviour'!J:J, MATCH($A63,'Purchase Behaviour'!$A:$A, 0))} -> 2 | S63: {=INDEX('Purchase Behaviour'!K:K, MATCH($A63,'Purchase Behaviour'!$A:$A, 0))} -> 12 | T63: {=INDEX('Purchase Behaviour'!L:L, MATCH($A63,'Purchase Behaviour'!$A:$A, 0))} -> 3 | U63: {=INDEX('Purchase Behaviour'!M:M, MATCH($A63,'Purchase Behaviour'!$A:$A, 0))} -> 18 | V63: {=INDEX('Campaign Performance'!B:B, MATCH(A63,'Campaign Performance'!A:A, 0))} -> 0 | W63: {=INDEX('Campaign Performance'!C:C, MATCH($A63,'Campaign Performance'!$A:$A, 0))} -> 0 | X63: {=INDEX('Campaign Performance'!D:D, MATCH($A63,'Campaign Performance'!$A:$A, 0))} -> 0 | Y63: {=INDEX('Campaign Performance'!E:E, MATCH($A63,'Campaign Performance'!$A:$A, 0))} -> 0 | Z63: {=INDEX('Campaign Performance'!F:F, MATCH($A63,'Campaign Performance'!$A:$A, 0))} -> 0 | AA63: {=INDEX('Campaign Performance'!G:G, MATCH($A63,'Campaign Performance'!$A:$A, 0))} -> 0 | AB63: {=INDEX('Campaign Performance'!H:H, MATCH($A63,'Campaign Performance'!$A:$A, 0))} -> 0 | AC63: =YEAR(TODAY()) - B63 -> 50 | AD63: =DATEDIF(I63,today(),"Y") -> 13 | AE63: =sum(J63:O63) -> 1717.0473 | AF63: =sum(V63:Z63) -> 0 | AG63: =if(G63+H63 =0,"No kids",if(G63+H63 = 1,"Small family","Large family")) -> No kids | AH63: =if(E63< 30000, "Low income", if(E63 < 50000, "Mid income", "High income")) -> High income | AI63: =if(AB63 = 1, "Yes" , "No") -> No | AJ63: =if(AF63 = 0, "No Acceptance", if(AF63 = 1, "Low Acceptance", if(AF63 = 2,"Mid Acceptance","High Acceptance"))) -> No Acceptance | AK63: =IF(AH63 = "Low income", 1, if(AH63="Mid income", 2, 3)) -> 3 | AL63: =(AE63-min(AE:AE)) / (MAX(AE:AE)-min(AE:AE)) -> 0.087024738 | AM63: =(max(U:U) -U63)/max(U:U) -> 0.81818182 | AN63: =(Q63-min(Q:Q)) / (max(Q:Q)-min(Q:Q)) -> 0.14814815 | AO63: =(R63-min(R:R))/(max(R:R)-min(R:R)) -> 0.071428571 | AP63: =(AF63-min(AF:AF))/max(AF:AF)-min(AF:AF) -> 0 | AQ63: =(AK63-min(AK:AK))/(max(AK:AK)-min(AK:AK)) -> 1 | AR63: =0.3*AM63+0.25*AL63+0.15*AN63+0.1*AO63+0.1*AQ63+0.1*AP63 -> 0.39657581 | AS63: =RANK(AR63,AR:AR,FALSE) -> 345 | AT63: =(max(AS:AS)-AS63)/(max(AS:AS)-min(AS:AS)) -> 0.84635998 | AU63: =if(AT63<0.5,"Low", if(and(AT63>=0.5,AT63<0.74),"Mid","High")) -> High
A64: 1012 | B64: 1960 | C64: Graduation | D64: Single | E64: 61823 | F64: =if(ISBLANK(E:E),MEDIAN(E:E), E:E) -> 61823 | G64: 0 | H64: 1 | I64: 2013-02-18 | J64: {=INDEX('Purchase Behaviour'!B:B,MATCH(A64,'Purchase Behaviour'!A:A, 0))} -> 225.07092 | K64: {=INDEX('Purchase Behaviour'!C:C, MATCH(A64,'Purchase Behaviour'!A:A, 0))} -> 245.51931 | L64: {=INDEX('Purchase Behaviour'!D:D, MATCH($A64,'Purchase Behaviour'!$A:$A, 0))} -> 279.52205 | M64: {=INDEX('Purchase Behaviour'!E:E, MATCH($A64,'Purchase Behaviour'!$A:$A, 0))} -> 214.32459 | N64: {=INDEX('Purchase Behaviour'!F:F, MATCH($A64,'Purchase Behaviour'!$A:$A, 0))} -> 178.83226 | O64: {=INDEX('Purchase Behaviour'!G:G, MATCH($A64,'Purchase Behaviour'!$A:$A, 0))} -> 312.32615 | P64: {=INDEX('Purchase Behaviour'!H:H, MATCH($A64,'Purchase Behaviour'!$A:$A, 0))} -> 4 | Q64: {=INDEX('Purchase Behaviour'!I:I, MATCH($A64,'Purchase Behaviour'!$A:$A, 0))} -> 8 | R64: {=INDEX('Purchase Behaviour'!J:J, MATCH($A64,'Purchase Behaviour'!$A:$A, 0))} -> 2 | S64: {=INDEX('Purchase Behaviour'!K:K, MATCH($A64,'Purchase Behaviour'!$A:$A, 0))} -> 10 | T64: {=INDEX('Purchase Behaviour'!L:L, MATCH($A64,'Purchase Behaviour'!$A:$A, 0))} -> 7 | U64: {=INDEX('Purchase Behaviour'!M:M, MATCH($A64,'Purchase Behaviour'!$A:$A, 0))} -> 26 | V64: {=INDEX('Campaign Performance'!B:B, MATCH(A64,'Campaign Performance'!A:A, 0))} -> 0 | W64: {=INDEX('Campaign Performance'!C:C, MATCH($A64,'Campaign Performance'!$A:$A, 0))} -> 0 | X64: {=INDEX('Campaign Performance'!D:D, MATCH($A64,'Campaign Performance'!$A:$A, 0))} -> 0 | Y64: {=INDEX('Campaign Performance'!E:E, MATCH($A64,'Campaign Performance'!$A:$A, 0))} -> 0 | Z64: {=INDEX('Campaign Performance'!F:F, MATCH($A64,'Campaign Performance'!$A:$A, 0))} -> 0 | AA64: {=INDEX('Campaign Performance'!G:G, MATCH($A64,'Campaign Performance'!$A:$A, 0))} -> 0 | AB64: {=INDEX('Campaign Performance'!H:H, MATCH($A64,'Campaign Performance'!$A:$A, 0))} -> 0 | AC64: =YEAR(TODAY()) - B64 -> 65 | AD64: =DATEDIF(I64,today(),"Y") -> 12 | AE64: =sum(J64:O64) -> 1455.5953 | AF64: =sum(V64:Z64) -> 0 | AG64: =if(G64+H64 =0,"No kids",if(G64+H64 = 1,"Small family","Large family")) -> Small family | AH64: =if(E64< 30000, "Low income", if(E64 < 50000, "Mid income", "High income")) -> High income | AI64: =if(AB64 = 1, "Yes" , "No") -> No | AJ64: =if(AF64 = 0, "No Acceptance", if(AF64 = 1, "Low Acceptance", if(AF64 = 2,"Mid Acceptance","High Acceptance"))) -> No Acceptance | AK64: =IF(AH64 = "Low income", 1, if(AH64="Mid income", 2, 3)) -> 3 | AL64: =(AE64-min(AE:AE)) / (MAX(AE:AE)-min(AE:AE)) -> 0.07377362 | AM64: =(max(U:U) -U64)/max(U:U) -> 0.73737374 | AN64: =(Q64-min(Q:Q)) / (max(Q:Q)-min(Q:Q)) -> 0.2962963 | AO64: =(R64-min(R:R))/(max(R:R)-min(R:R)) -> 0.071428571 | AP64: =(AF64-min(AF:AF))/max(AF:AF)-min(AF:AF) -> 0 | AQ64: =(AK64-min(AK:AK))/(max(AK:AK)-min(AK:AK)) -> 1 | AR64: =0.3*AM64+0.25*AL64+0.15*AN64+0.1*AO64+0.1*AQ64+0.1*AP64 -> 0.39124283 | AS64: =RANK(AR64,AR:AR,FALSE) -> 374 | AT64: =(max(AS:AS)-AS64)/(max(AS:AS)-min(AS:AS)) -> 0.83340777 | AU64: =if(AT64<0.5,"Low", if(and(AT64>=0.5,AT64<0.74),"Mid","High")) -> High
A65: 6518 | B65: 1960 | C65: PhD | D65: Widow | E65: 67680 | F65: =if(ISBLANK(E:E),MEDIAN(E:E), E:E) -> 67680 | G65: 0 | H65: 0 | I65: 2013-06-11 | J65: {=INDEX('Purchase Behaviour'!B:B,MATCH(A65,'Purchase Behaviour'!A:A, 0))} -> 304.91546 | K65: {=INDEX('Purchase Behaviour'!C:C, MATCH(A65,'Purchase Behaviour'!A:A, 0))} -> 278.63691 | L65: {=INDEX('Purchase Behaviour'!D:D, MATCH($A65,'Purchase Behaviour'!$A:$A, 0))} -> 332.46577 | M65: {=INDEX('Purchase Behaviour'!E:E, MATCH($A65,'Purchase Behaviour'!$A:$A, 0))} -> 166.30847 | N65: {=INDEX('Purchase Behaviour'!F:F, MATCH($A65,'Purchase Behaviour'!$A:$A, 0))} -> 351.12059 | O65: {=INDEX('Purchase Behaviour'!G:G, MATCH($A65,'Purchase Behaviour'!$A:$A, 0))} -> 280.76688 | P65: {=INDEX('Purchase Behaviour'!H:H, MATCH($A65,'Purchase Behaviour'!$A:$A, 0))} -> 1 | Q65: {=INDEX('Purchase Behaviour'!I:I, MATCH($A65,'Purchase Behaviour'!$A:$A, 0))} -> 7 | R65: {=INDEX('Purchase Behaviour'!J:J, MATCH($A65,'Purchase Behaviour'!$A:$A, 0))} -> 3 | S65: {=INDEX('Purchase Behaviour'!K:K, MATCH($A65,'Purchase Behaviour'!$A:$A, 0))} -> 8 | T65: {=INDEX('Purchase Behaviour'!L:L, MATCH($A65,'Purchase Behaviour'!$A:$A, 0))} -> 5 | U65: {=INDEX('Purchase Behaviour'!M:M, MATCH($A65,'Purchase Behaviour'!$A:$A, 0))} -> 8 | V65: {=INDEX('Campaign Performance'!B:B, MATCH(A65,'Campaign Performance'!A:A, 0))} -> 0 | W65: {=INDEX('Campaign Performance'!C:C, MATCH($A65,'Campaign Performance'!$A:$A, 0))} -> 0 | X65: {=INDEX('Campaign Performance'!D:D, MATCH($A65,'Campaign Performance'!$A:$A, 0))} -> 0 | Y65: {=INDEX('Campaign Performance'!E:E, MATCH($A65,'Campaign Performance'!$A:$A, 0))} -> 0 | Z65: {=INDEX('Campaign Performance'!F:F, MATCH($A65,'Campaign Performance'!$A:$A, 0))} -> 0 | AA65: {=INDEX('Campaign Performance'!G:G, MATCH($A65,'Campaign Performance'!$A:$A, 0))} -> 0 | AB65: {=INDEX('Campaign Performance'!H:H, MATCH($A65,'Campaign Performance'!$A:$A, 0))} -> 0 | AC65: =YEAR(TODAY()) - B65 -> 65 | AD65: =DATEDIF(I65,today(),"Y") -> 12 | AE65: =sum(J65:O65) -> 1714.2141 | AF65: =sum(V65:Z65) -> 0 | AG65: =if(G65+H65 =0,"No kids",if(G65+H65 = 1,"Small family","Large family")) -> No kids | AH65: =if(E65< 30000, "Low income", if(E65 < 50000, "Mid income", "High income")) -> High income | AI65: =if(AB65 = 1, "Yes" , "No") -> No | AJ65: =if(AF65 = 0, "No Acceptance", if(AF65 = 1, "Low Acceptance", if(AF65 = 2,"Mid Acceptance","High Acceptance"))) -> No Acceptance | AK65: =IF(AH65 = "Low income", 1, if(AH65="Mid income", 2, 3)) -> 3 | AL65: =(AE65-min(AE:AE)) / (MAX(AE:AE)-min(AE:AE)) -> 0.08688114 | AM65: =(max(U:U) -U65)/max(U:U) -> 0.91919192 | AN65: =(Q65-min(Q:Q)) / (max(Q:Q)-min(Q:Q)) -> 0.25925926 | AO65: =(R65-min(R:R))/(max(R:R)-min(R:R)) -> 0.10714286 | AP65: =(AF65-min(AF:AF))/max(AF:AF)-min(AF:AF) -> 0 | AQ65: =(AK65-min(AK:AK))/(max(AK:AK)-min(AK:AK)) -> 1 | AR65: =0.3*AM65+0.25*AL65+0.15*AN65+0.1*AO65+0.1*AQ65+0.1*AP65 -> 0.44708104 | AS65: =RANK(AR65,AR:AR,FALSE) -> 166 | AT65: =(max(AS:AS)-AS65)/(max(AS:AS)-min(AS:AS)) -> 0.92630639 | AU65: =if(AT65<0.5,"Low", if(and(AT65>=0.5,AT65<0.74),"Mid","High")) -> High
A66: 4137 | B66: 1960 | C66: Graduation | D66: Together | E66: 70666 | F66: =if(ISBLANK(E:E),MEDIAN(E:E), E:E) -> 70666 | G66: 0 | H66: 0 | I66: 2013-12-06 | J66: {=INDEX('Purchase Behaviour'!B:B,MATCH(A66,'Purchase Behaviour'!A:A, 0))} -> 364.04596 | K66: {=INDEX('Purchase Behaviour'!C:C, MATCH(A66,'Purchase Behaviour'!A:A, 0))} -> 381.37563 | L66: {=INDEX('Purchase Behaviour'!D:D, MATCH($A66,'Purchase Behaviour'!$A:$A, 0))} -> 460.52595 | M66: {=INDEX('Purchase Behaviour'!E:E, MATCH($A66,'Purchase Behaviour'!$A:$A, 0))} -> 349.27254 | N66: {=INDEX('Purchase Behaviour'!F:F, MATCH($A66,'Purchase Behaviour'!$A:$A, 0))} -> 453.5542 | O66: {=INDEX('Purchase Behaviour'!G:G, MATCH($A66,'Purchase Behaviour'!$A:$A, 0))} -> 303.30083 | P66: {=INDEX('Purchase Behaviour'!H:H, MATCH($A66,'Purchase Behaviour'!$A:$A, 0))} -> 1 | Q66: {=INDEX('Purchase Behaviour'!I:I, MATCH($A66,'Purchase Behaviour'!$A:$A, 0))} -> 7 | R66: {=INDEX('Purchase Behaviour'!J:J, MATCH($A66,'Purchase Behaviour'!$A:$A, 0))} -> 4 | S66: {=INDEX('Purchase Behaviour'!K:K, MATCH($A66,'Purchase Behaviour'!$A:$A, 0))} -> 4 | T66: {=INDEX('Purchase Behaviour'!L:L, MATCH($A66,'Purchase Behaviour'!$A:$A, 0))} -> 4 | U66: {=INDEX('Purchase Behaviour'!M:M, MATCH($A66,'Purchase Behaviour'!$A:$A, 0))} -> 29 | V66: {=INDEX('Campaign Performance'!B:B, MATCH(A66,'Campaign Performance'!A:A, 0))} -> 0 | W66: {=INDEX('Campaign Performance'!C:C, MATCH($A66,'Campaign Performance'!$A:$A, 0))} -> 0 | X66: {=INDEX('Campaign Performance'!D:D, MATCH($A66,'Campaign Performance'!$A:$A, 0))} -> 0 | Y66: {=INDEX('Campaign Performance'!E:E, MATCH($A66,'Campaign Performance'!$A:$A, 0))} -> 0 | Z66: {=INDEX('Campaign Performance'!F:F, MATCH($A66,'Campaign Performance'!$A:$A, 0))} -> 0 | AA66: {=INDEX('Campaign Performance'!G:G, MATCH($A66,'Campaign Performance'!$A:$A, 0))} -> 0 | AB66: {=INDEX('Campaign Performance'!H:H, MATCH($A66,'Campaign Performance'!$A:$A, 0))} -> 0 | AC66: =YEAR(TODAY()) - B66 -> 65 | AD66: =DATEDIF(I66,today(),"Y") -> 11 | AE66: =sum(J66:O66) -> 2312.0751 | AF66: =sum(V66:Z66) -> 0 | AG66: =if(G66+H66 =0,"No kids",if(G66+H66 = 1,"Small family","Large family")) -> No kids | AH66: =if(E66< 30000, "Low income", if(E66 < 50000, "Mid income", "High income")) -> High income | AI66: =if(AB66 = 1, "Yes" , "No") -> No | AJ66: =if(AF66 = 0, "No Acceptance", if(AF66 = 1, "Low Acceptance", if(AF66 = 2,"Mid Acceptance","High Acceptance"))) -> No Acceptance | AK66: =IF(AH66 = "Low income", 1, if(AH66="Mid income", 2, 3)) -> 3 | AL66: =(AE66-min(AE:AE)) / (MAX(AE:AE)-min(AE:AE)) -> 0.1171824 | AM66: =(max(U:U) -U66)/max(U:U) -> 0.70707071 | AN66: =(Q66-min(Q:Q)) / (max(Q:Q)-min(Q:Q)) -> 0.25925926 | AO66: =(R66-min(R:R))/(max(R:R)-min(R:R)) -> 0.14285714 | AP66: =(AF66-min(AF:AF))/max(AF:AF)-min(AF:AF) -> 0 | AQ66: =(AK66-min(AK:AK))/(max(AK:AK)-min(AK:AK)) -> 1 | AR66: =0.3*AM66+0.25*AL66+0.15*AN66+0.1*AO66+0.1*AQ66+0.1*AP66 -> 0.39459142 | AS66: =RANK(AR66,AR:AR,FALSE) -> 359 | AT66: =(max(AS:AS)-AS66)/(max(AS:AS)-min(AS:AS)) -> 0.84010719 | AU66: =if(AT66<0.5,"Low", if(and(AT66>=0.5,AT66<0.74),"Mid","High")) -> High
A67: 8082 | B67: 1971 | C67: Graduation | D67: Married | E67: 25721 | F67: =if(ISBLANK(E:E),MEDIAN(E:E), E:E) -> 25721 | G67: 0 | H67: 0 | I67: 2013-05-21 | J67: {=INDEX('Purchase Behaviour'!B:B,MATCH(A67,'Purchase Behaviour'!A:A, 0))} -> 112.27539 | K67: {=INDEX('Purchase Behaviour'!C:C, MATCH(A67,'Purchase Behaviour'!A:A, 0))} -> 119.49239 | L67: {=INDEX('Purchase Behaviour'!D:D, MATCH($A67,'Purchase Behaviour'!$A:$A, 0))} -> 153.56121 | M67: {=INDEX('Purchase Behaviour'!E:E, MATCH($A67,'Purchase Behaviour'!$A:$A, 0))} -> 147.92284 | N67: {=INDEX('Purchase Behaviour'!F:F, MATCH($A67,'Purchase Behaviour'!$A:$A, 0))} -> 128.39306 | P67: {=INDEX('Purchase Behaviour'!H:H, MATCH($A67,'Purchase Behaviour'!$A:$A, 0))} -> 1 | Q67: {=INDEX('Purchase Behaviour'!I:I, MATCH($A67,'Purchase Behaviour'!$A:$A, 0))} -> 1 | R67: {=INDEX('Purchase Behaviour'!J:J, MATCH($A67,'Purchase Behaviour'!$A:$A, 0))} -> 1 | S67: {=INDEX('Purchase Behaviour'!K:K, MATCH($A67,'Purchase Behaviour'!$A:$A, 0))} -> 2 | T67: {=INDEX('Purchase Behaviour'!L:L, MATCH($A67,'Purchase Behaviour'!$A:$A, 0))} -> 7 | U67: {=INDEX('Purchase Behaviour'!M:M, MATCH($A67,'Purchase Behaviour'!$A:$A, 0))} -> 75 | V67: {=INDEX('Campaign Performance'!B:B, MATCH(A67,'Campaign Performance'!A:A, 0))} -> 0 | W67: {=INDEX('Campaign Performance'!C:C, MATCH($A67,'Campaign Performance'!$A:$A, 0))} -> 0 | X67: {=INDEX('Campaign Performance'!D:D, MATCH($A67,'Campaign Performance'!$A:$A, 0))} -> 0 | Y67: {=INDEX('Campaign Performance'!E:E, MATCH($A67,'Campaign Performance'!$A:$A, 0))} -> 0 | Z67: {=INDEX('Campaign Performance'!F:F, MATCH($A67,'Campaign Performance'!$A:$A, 0))} -> 0 | AA67: {=INDEX('Campaign Performance'!G:G, MATCH($A67,'Campaign Performance'!$A:$A, 0))} -> 0 | AB67: {=INDEX('Campaign Performance'!H:H, MATCH($A67,'Campaign Performance'!$A:$A, 0))} -> 1 | AC67: =YEAR(TODAY()) - B67 -> 54 | AD67: =DATEDIF(I67,today(),"Y") -> 12 | AE67: =sum(J67:O67) -> 661.6449 | AF67: =sum(V67:Z67) -> 0 | AG67: =if(G67+H67 =0,"No kids",if(G67+H67 = 1,"Small family","Large family")) -> No kids | AH67: =if(E67< 30000, "Low income", if(E67 < 50000, "Mid income", "High income")) -> Low income | AI67: =if(AB67 = 1, "Yes" , "No") -> Yes | AJ67: =if(AF67 = 0, "No Acceptance", if(AF67 = 1, "Low Acceptance", if(AF67 = 2,"Mid Acceptance","High Acceptance"))) -> No Acceptance | AK67: =IF(AH67 = "Low income", 1, if(AH67="Mid income", 2, 3)) -> 1 | AL67: =(AE67-min(AE:AE)) / (MAX(AE:AE)-min(AE:AE)) -> 0.033534005 | AM67: =(max(U:U) -U67)/max(U:U) -> 0.24242424 | AN67: =(Q67-min(Q:Q)) / (max(Q:Q)-min(Q:Q)) -> 0.037037037 | AO67: =(R67-min(R:R))/(max(R:R)-min(R:R)) -> 0.035714286 | AP67: =(AF67-min(AF:AF))/max(AF:AF)-min(AF:AF) -> 0 | AQ67: =(AK67-min(AK:AK))/(max(AK:AK)-min(AK:AK)) -> 0 | AR67: =0.3*AM67+0.25*AL67+0.15*AN67+0.1*AO67+0.1*AQ67+0.1*AP67 -> 0.090237758 | AS67: =RANK(AR67,AR:AR,FALSE) -> 2120 | AT67: =(max(AS:AS)-AS67)/(max(AS:AS)-min(AS:AS)) -> 0.053595355 | AU67: =if(AT67<0.5,"Low", if(and(AT67>=0.5,AT67<0.74),"Mid","High")) -> Low
A68: 1386 | B68: 1967 | C68: Graduation | D68: Together | E68: 32474 | F68: =if(ISBLANK(E:E),MEDIAN(E:E), E:E) -> 32474 | G68: 0 | H68: 1 | I68: 2014-05-11 | J68: {=INDEX('Purchase Behaviour'!B:B,MATCH(A68,'Purchase Behaviour'!A:A, 0))} -> 185.86966 | K68: {=INDEX('Purchase Behaviour'!C:C, MATCH(A68,'Purchase Behaviour'!A:A, 0))} -> 112.55405 | L68: {=INDEX('Purchase Behaviour'!D:D, MATCH($A68,'Purchase Behaviour'!$A:$A, 0))} -> 109.84447 | M68: {=INDEX('Purchase Behaviour'!E:E, MATCH($A68,'Purchase Behaviour'!$A:$A, 0))} -> 98.776619 | N68: {=INDEX('Purchase Behaviour'!F:F, MATCH($A68,'Purchase Behaviour'!$A:$A, 0))} -> 151.25072 | O68: {=INDEX('Purchase Behaviour'!G:G, MATCH($A68,'Purchase Behaviour'!$A:$A, 0))} -> 215.63743 | P68: {=INDEX('Purchase Behaviour'!H:H, MATCH($A68,'Purchase Behaviour'!$A:$A, 0))} -> 1 | Q68: {=INDEX('Purchase Behaviour'!I:I, MATCH($A68,'Purchase Behaviour'!$A:$A, 0))} -> 1 | R68: {=INDEX('Purchase Behaviour'!J:J, MATCH($A68,'Purchase Behaviour'!$A:$A, 0))} -> 0 | S68: {=INDEX('Purchase Behaviour'!K:K, MATCH($A68,'Purchase Behaviour'!$A:$A, 0))} -> 2 | T68: {=INDEX('Purchase Behaviour'!L:L, MATCH($A68,'Purchase Behaviour'!$A:$A, 0))} -> 7 | U68: {=INDEX('Purchase Behaviour'!M:M, MATCH($A68,'Purchase Behaviour'!$A:$A, 0))} -> 0 | V68: {=INDEX('Campaign Performance'!B:B, MATCH(A68,'Campaign Performance'!A:A, 0))} -> 0 | W68: {=INDEX('Campaign Performance'!C:C, MATCH($A68,'Campaign Performance'!$A:$A, 0))} -> 0 | X68: {=INDEX('Campaign Performance'!D:D, MATCH($A68,'Campaign Performance'!$A:$A, 0))} -> 0 | Y68: {=INDEX('Campaign Performance'!E:E, MATCH($A68,'Campaign Performance'!$A:$A, 0))} -> 0 | Z68: {=INDEX('Campaign Performance'!F:F, MATCH($A68,'Campaign Performance'!$A:$A, 0))} -> 0 | AA68: {=INDEX('Campaign Performance'!G:G, MATCH($A68,'Campaign Performance'!$A:$A, 0))} -> 0 | AB68: {=INDEX('Campaign Performance'!H:H, MATCH($A68,'Campaign Performance'!$A:$A, 0))} -> 0 | AC68: =YEAR(TODAY()) - B68 -> 58 | AD68: =DATEDIF(I68,today(),"Y") -> 11 | AE68: =sum(J68:O68) -> 873.93294 | AF68: =sum(V68:Z68) -> 0 | AG68: =if(G68+H68 =0,"No kids",if(G68+H68 = 1,"Small family","Large family")) -> Small family | AH68: =if(E68< 30000, "Low income", if(E68 < 50000, "Mid income", "High income")) -> Mid income | AI68: =if(AB68 = 1, "Yes" , "No") -> No | AJ68: =if(AF68 = 0, "No Acceptance", if(AF68 = 1, "Low Acceptance", if(AF68 = 2,"Mid Acceptance","High Acceptance"))) -> No Acceptance | AK68: =IF(AH68 = "Low income", 1, if(AH68="Mid income", 2, 3)) -> 2 | AL68: =(AE68-min(AE:AE)) / (MAX(AE:AE)-min(AE:AE)) -> 0.044293354 | AM68: =(max(U:U) -U68)/max(U:U) -> 1 | AN68: =(Q68-min(Q:Q)) / (max(Q:Q)-min(Q:Q)) -> 0.037037037 | AO68: =(R68-min(R:R))/(max(R:R)-min(R:R)) -> 0 | AP68: =(AF68-min(AF:AF))/max(AF:AF)-min(AF:AF) -> 0 | AQ68: =(AK68-min(AK:AK))/(max(AK:AK)-min(AK:AK)) -> 0.5 | AR68: =0.3*AM68+0.25*AL68+0.15*AN68+0.1*AO68+0.1*AQ68+0.1*AP68 -> 0.36662889 | AS68: =RANK(AR68,AR:AR,FALSE) -> 500 | AT68: =(max(AS:AS)-AS68)/(max(AS:AS)-min(AS:AS)) -> 0.77713265 | AU68: =if(AT68<0.5,"Low", if(and(AT68>=0.5,AT68<0.74),"Mid","High")) -> High
A69: 9369 | B69: 1979 | C69: 2n Cycle | D69: Single | E69: 88194 | F69: =if(ISBLANK(E:E),MEDIAN(E:E), E:E) -> 88194 | G69: 0 | H69: 2 | I69: 2014-03-19 | J69: {=INDEX('Purchase Behaviour'!B:B,MATCH(A69,'Purchase Behaviour'!A:A, 0))} -> 291.63983 | K69: {=INDEX('Purchase Behaviour'!C:C, MATCH(A69,'Purchase Behaviour'!A:A, 0))} -> 648.6796 | L69: {=INDEX('Purchase Behaviour'!D:D, MATCH($A69,'Purchase Behaviour'!$A:$A, 0))} -> 544.86472 | M69: {=INDEX('Purchase Behaviour'!E:E, MATCH($A69,'Purchase Behaviour'!$A:$A, 0))} -> 224.22176 | N69: {=INDEX('Purchase Behaviour'!F:F, MATCH($A69,'Purchase Behaviour'!$A:$A, 0))} -> 370.31273 | O69: {=INDEX('Purchase Behaviour'!G:G, MATCH($A69,'Purchase Behaviour'!$A:$A, 0))} -> 281.52665 | P69: {=INDEX('Purchase Behaviour'!H:H, MATCH($A69,'Purchase Behaviour'!$A:$A, 0))} -> 1 | Q69: {=INDEX('Purchase Behaviour'!I:I, MATCH($A69,'Purchase Behaviour'!$A:$A, 0))} -> 11 | R69: {=INDEX('Purchase Behaviour'!J:J, MATCH($A69,'Purchase Behaviour'!$A:$A, 0))} -> 10 | S69: {=INDEX('Purchase Behaviour'!K:K, MATCH($A69,'Purchase Behaviour'!$A:$A, 0))} -> 10 | T69: {=INDEX('Purchase Behaviour'!L:L, MATCH($A69,'Purchase Behaviour'!$A:$A, 0))} -> 5 | U69: {=INDEX('Purchase Behaviour'!M:M, MATCH($A69,'Purchase Behaviour'!$A:$A, 0))} -> 19 | V69: {=INDEX('Campaign Performance'!B:B, MATCH(A69,'Campaign Performance'!A:A, 0))} -> 1 | W69: {=INDEX('Campaign Performance'!C:C, MATCH($A69,'Campaign Performance'!$A:$A, 0))} -> 0 | X69: {=INDEX('Campaign Performance'!D:D, MATCH($A69,'Campaign Performance'!$A:$A, 0))} -> 0 | Y69: {=INDEX('Campaign Performance'!E:E, MATCH($A69,'Campaign Performance'!$A:$A, 0))} -> 1 | Z69: {=INDEX('Campaign Performance'!F:F, MATCH($A69,'Campaign Performance'!$A:$A, 0))} -> 0 | AA69: {=INDEX('Campaign Performance'!G:G, MATCH($A69,'Campaign Performance'!$A:$A, 0))} -> 0 | AB69: {=INDEX('Campaign Performance'!H:H, MATCH($A69,'Campaign Performance'!$A:$A, 0))} -> 1 | AC69: =YEAR(TODAY()) - B69 -> 46 | AD69: =DATEDIF(I69,today(),"Y") -> 11 | AE69: =sum(J69:O69) -> 2361.2453 | AF69: =sum(V69:Z69) -> 2 | AG69: =if(G69+H69 =0,"No kids",if(G69+H69 = 1,"Small family","Large family")) -> Large family | AH69: =if(E69< 30000, "Low income", if(E69 < 50000, "Mid income", "High income")) -> High income | AI69: =if(AB69 = 1, "Yes" , "No") -> Yes | AJ69: =if(AF69 = 0, "No Acceptance", if(AF69 = 1, "Low Acceptance", if(AF69 = 2,"Mid Acceptance","High Acceptance"))) -> Mid Acceptance | AK69: =IF(AH69 = "Low income", 1, if(AH69="Mid income", 2, 3)) -> 3 | AL69: =(AE69-min(AE:AE)) / (MAX(AE:AE)-min(AE:AE)) -> 0.11967448 | AM69: =(max(U:U) -U69)/max(U:U) -> 0.80808081 | AN69: =(Q69-min(Q:Q)) / (max(Q:Q)-min(Q:Q)) -> 0.40740741 | AO69: =(R69-min(R:R))/(max(R:R)-min(R:R)) -> 0.35714286 | AP69: =(AF69-min(AF:AF))/max(AF:AF)-min(AF:AF) -> 0.5 | AQ69: =(AK69-min(AK:AK))/(max(AK:AK)-min(AK:AK)) -> 1 | AR69: =0.3*AM69+0.25*AL69+0.15*AN69+0.1*AO69+0.1*AQ69+0.1*AP69 -> 0.51916826 | AS69: =RANK(AR69,AR:AR,FALSE) -> 16 | AT69: =(max(AS:AS)-AS69)/(max(AS:AS)-min(AS:AS)) -> 0.99330058 | AU69: =if(AT69<0.5,"Low", if(and(AT69>=0.5,AT69<0.74),"Mid","High")) -> High
A70: 4477 | B70: 1960 | C70: Graduation | D70: Together | E70: 69096 | F70: =if(ISBLANK(E:E),MEDIAN(E:E), E:E) -> 69096 | G70: 0 | H70: 0 | I70: 2013-09-27 | J70: {=INDEX('Purchase Behaviour'!B:B,MATCH(A70,'Purchase Behaviour'!A:A, 0))} -> 400.97154 | K70: {=INDEX('Purchase Behaviour'!C:C, MATCH(A70,'Purchase Behaviour'!A:A, 0))} -> 226.07408 | L70: {=INDEX('Purchase Behaviour'!D:D, MATCH($A70,'Purchase Behaviour'!$A:$A, 0))} -> 159.10828 | M70: {=INDEX('Purchase Behaviour'!E:E, MATCH($A70,'Purchase Behaviour'!$A:$A, 0))} -> 296.15897 | N70: {=INDEX('Purchase Behaviour'!F:F, MATCH($A70,'Purchase Behaviour'!$A:$A, 0))} -> 454.34038 | O70: {=INDEX('Purchase Behaviour'!G:G, MATCH($A70,'Purchase Behaviour'!$A:$A, 0))} -> 310.25234 | P70: {=INDEX('Purchase Behaviour'!H:H, MATCH($A70,'Purchase Behaviour'!$A:$A, 0))} -> 1 | Q70: {=INDEX('Purchase Behaviour'!I:I, MATCH($A70,'Purchase Behaviour'!$A:$A, 0))} -> 5 | R70: {=INDEX('Purchase Behaviour'!J:J, MATCH($A70,'Purchase Behaviour'!$A:$A, 0))} -> 2 | S70: {=INDEX('Purchase Behaviour'!K:K, MATCH($A70,'Purchase Behaviour'!$A:$A, 0))} -> 10 | T70: {=INDEX('Purchase Behaviour'!L:L, MATCH($A70,'Purchase Behaviour'!$A:$A, 0))} -> 4 | U70: {=INDEX('Purchase Behaviour'!M:M, MATCH($A70,'Purchase Behaviour'!$A:$A, 0))} -> 4 | V70: {=INDEX('Campaign Performance'!B:B, MATCH(A70,'Campaign Performance'!A:A, 0))} -> 0 | W70: {=INDEX('Campaign Performance'!C:C, MATCH($A70,'Campaign Performance'!$A:$A, 0))} -> 0 | X70: {=INDEX('Campaign Performance'!D:D, MATCH($A70,'Campaign Performance'!$A:$A, 0))} -> 0 | Y70: {=INDEX('Campaign Performance'!E:E, MATCH($A70,'Campaign Performance'!$A:$A, 0))} -> 0 | Z70: {=INDEX('Campaign Performance'!F:F, MATCH($A70,'Campaign Performance'!$A:$A, 0))} -> 0 | AA70: {=INDEX('Campaign Performance'!G:G, MATCH($A70,'Campaign Performance'!$A:$A, 0))} -> 0 | AB70: {=INDEX('Campaign Performance'!H:H, MATCH($A70,'Campaign Performance'!$A:$A, 0))} -> 0 | AC70: =YEAR(TODAY()) - B70 -> 65 | AD70: =DATEDIF(I70,today(),"Y") -> 12 | AE70: =sum(J70:O70) -> 1846.9056 | AF70: =sum(V70:Z70) -> 0 | AG70: =if(G70+H70 =0,"No kids",if(G70+H70 = 1,"Small family","Large family")) -> No kids | AH70: =if(E70< 30000, "Low income", if(E70 < 50000, "Mid income", "High income")) -> High income | AI70: =if(AB70 = 1, "Yes" , "No") -> No | AJ70: =if(AF70 = 0, "No Acceptance", if(AF70 = 1, "Low Acceptance", if(AF70 = 2,"Mid Acceptance","High Acceptance"))) -> No Acceptance | AK70: =IF(AH70 = "Low income", 1, if(AH70="Mid income", 2, 3)) -> 3 | AL70: =(AE70-min(AE:AE)) / (MAX(AE:AE)-min(AE:AE)) -> 0.093606315 | AM70: =(max(U:U) -U70)/max(U:U) -> 0.95959596 | AN70: =(Q70-min(Q:Q)) / (max(Q:Q)-min(Q:Q)) -> 0.18518519 | AO70: =(R70-min(R:R))/(max(R:R)-min(R:R)) -> 0.071428571 | AP70: =(AF70-min(AF:AF))/max(AF:AF)-min(AF:AF) -> 0 | AQ70: =(AK70-min(AK:AK))/(max(AK:AK)-min(AK:AK)) -> 1 | AR70: =0.3*AM70+0.25*AL70+0.15*AN70+0.1*AO70+0.1*AQ70+0.1*AP70 -> 0.446201 | AS70: =RANK(AR70,AR:AR,FALSE) -> 169 | AT70: =(max(AS:AS)-AS70)/(max(AS:AS)-min(AS:AS)) -> 0.9249665 | AU70: =if(AT70<0.5,"Low", if(and(AT70>=0.5,AT70<0.74),"Mid","High")) -> High
